,run_number,T2_C,T2_C_err
0,1,0.6847905999014399,0.021032073487981553
1,2,0.6975597986410459,0.004918030844198403
2,3,0.8585791864319435,0.025231849075100326
3,4,1.0175294180783145,0.03158440285131814
4,5,1.094750284188323,0.007430620910853427
5,6,0.5291737500484786,0.01810808160803313
6,7,1.0191329270809368,0.006739313915747655
7,8,0.8643040527648773,0.008298884787109564
8,9,1.0061012116309087,0.007904820765417155
9,10,0.6293201105671045,0.022859939486474207
10,11,0.9092954519680665,0.00957358363219768
11,12,0.8443531398249124,0.020000235075784002
12,13,0.6168092169576644,0.013430171478461315
13,14,0.8297041530142293,0.005332038449112415
14,15,0.8443274032150657,0.016059721990006222
15,16,0.8948736590974888,0.007946997773472946
16,17,0.8355097664500418,0.009327763128156677
17,18,0.8163579661656013,0.008495408252178175
18,19,1.0010329555411595,0.009500228124144357
19,20,0.554420981671666,0.019537768266046748
20,21,0.8759144317061328,0.005112806700449703
21,22,0.5925260584796975,0.005328969704768245
22,23,0.8814457928745868,0.005999046386758006
23,24,0.7911538060057478,0.011651743659465882
24,25,0.6660495835567916,0.0238494763013553
25,26,0.9258616465742543,0.006932042249475379
26,27,0.8799401067341894,0.005019689853573386
27,28,0.8056715216417598,0.015635953718278403
28,29,0.6510587756531573,0.01232749629181913
29,30,0.7378831757838777,0.013243422479080417
30,31,0.7611441550273037,0.004337495124795089
31,32,0.8073132943935738,0.008016443285997307
32,33,0.5369550490624514,0.018721178269311918
33,34,0.741116682838497,0.01491647107655303
34,35,0.7417673595549495,0.004765662707498544
35,36,0.9282218947690553,0.006578684026424917
36,37,1.0234389597279492,0.008474653968463386
37,38,0.5857257662489083,0.014035159032687872
38,39,0.8439568843101364,0.010305769600843609
39,40,0.9637368255380312,0.017162064576758177
40,41,0.7352096731322638,0.008426824769095754
41,42,0.7121736430655209,0.004518119973750332
42,43,0.7531393000891309,0.00883290926659455
43,44,0.6538029321321427,0.008788494213613572
44,45,0.9229154390333199,0.00868214336942965
45,46,1.1453774253905458,0.0076637608769450785
46,47,0.864675804704891,0.012106442758693608
47,48,0.7286509391140744,0.030762024759475648
48,49,1.0288063656191724,0.014260970853948658
49,50,0.8502334038906396,0.006185389856825302
50,51,0.5550981122178263,0.01873412324068591
51,52,1.1021310463476157,0.00546933804628226
52,53,0.7895372645680278,0.024345778913658855
53,54,0.7154284045262292,0.005860559083720269
54,55,0.804643662788801,0.023388625086074245
55,56,0.4376772141431044,0.01525633750059645
56,57,0.9225276176733178,0.006964335789654272
57,58,0.6240821632013449,0.024495906413378985
58,59,0.7361395169987189,0.0045870175123637145
59,60,0.4826434100228577,0.01776327412512375
60,61,0.7490215135772005,0.011408759725739938
61,62,0.8141846834144741,0.009561988732874064
62,63,0.7328349144077307,0.029281700619819488
63,64,0.7607891004211094,0.0055100218706058985
64,65,0.7337422454943933,0.006004185094071188
65,66,0.7601822034202774,0.006113237709631919
66,67,0.7503103979558896,0.007025160445073136
67,68,0.6223550301277598,0.01597958230379949
68,69,0.9966248019203049,0.008424480534715716
69,70,0.8620628046715118,0.013404013725730104
70,71,0.8000076759151452,0.006589214421884591
71,72,0.9388659271861093,0.007852331994807187
72,73,0.725574135361931,0.021415016305507063
73,74,0.7509575095499279,0.009530989075438917
74,75,0.9761917398569159,0.010915815328888209
75,76,0.7472161122243584,0.005904120668898845
76,77,0.8196576479973752,0.009307420490018096
77,78,0.5660607663638096,0.015856015795989966
78,79,0.6972131379709341,0.005259109142189927
79,80,0.7982081316505787,0.013222455712279759
80,81,0.8490320200620071,0.03552399178982633
81,82,0.6788024887575875,0.024825298743902716
82,83,0.9604117857683278,0.031006197617236823
83,84,0.8638752700849911,0.005275739347533463
84,85,0.7716715211628459,0.022487063187922433
85,86,0.9921639786925026,0.007738294954068253
86,87,0.5884732950005359,0.009973062949978436
87,88,0.7084597175264453,0.014618638681452389
88,89,0.8745239899585073,0.004780907688133295
89,90,0.5337980186346433,0.0026743788122644426
90,91,0.8937514006249183,0.007106683834531493
91,92,1.0167942447064735,0.007980854058305675
92,93,0.5895936914531317,0.019333020717148687
93,94,1.0139246417677925,0.010673072460545045
94,95,0.7275672286422653,0.024244920510479752
95,96,0.5740094685975392,0.007633030540454433
96,97,0.6867410326466861,0.013295397453195698
97,98,0.7250289694762541,0.01669241518752462
98,99,0.9919752159263122,0.0066345186605834714
99,100,0.8257468437981975,0.009712534397151676
100,101,0.9864418362773142,0.00795533897928704
101,102,0.6417500207059431,0.008684563170861265
102,103,0.7936105669594001,0.02493887929041094
103,104,0.9334166490131267,0.0052782800960835255
104,105,0.6174623444359203,0.02091925187136573
105,106,0.8769852674364699,0.003898431913868508
106,107,0.6804270368093451,0.018375469464624216
107,108,0.6339575946137946,0.013451799552691419
108,109,1.0018327198200034,0.018178826562739298
109,110,0.7202695016977749,0.00845249164472165
110,111,0.6329850580239239,0.006053300732339717
111,112,0.6430744801808368,0.014530175455319358
112,113,0.7581375313266547,0.03228915332851725
113,114,0.7497414395475195,0.014404076650038953
114,115,0.7001547998380543,0.019300745300090977
115,116,0.8074586097114606,0.01532402527697848
116,117,0.5931883066210046,0.015614809111715658
117,118,0.8214356608946966,0.008758476969948093
118,119,0.463200117243735,0.017733488731484823
119,120,0.255313094527434,0.015252743598716097
120,121,0.7478159676614119,0.021867131422036896
121,122,0.9301656072384273,0.006278328178291919
122,123,0.8553964380480811,0.0061283505222970115
123,124,0.18900367152631012,0.01294618157937277
124,125,1.1503295798264446,0.010841805797237274
125,126,0.9499530214665566,0.007333003933040258
126,127,0.6684658571192919,0.009715884856990521
127,128,0.8238773447944481,0.008592367939176598
128,129,0.4102503426337641,0.016677491272408525
129,130,0.5944055563454079,0.016100815067659896
130,131,0.7197162282398203,0.005533455365894498
131,132,0.7643714070465532,0.023980332603331066
132,133,0.7694667773091174,0.005765952791780783
133,134,0.9245853343988221,0.020410678260684104
134,135,0.8071988527847958,0.014163095563889012
135,136,0.9278911768592789,0.01513758426577743
136,137,0.6464894832513597,0.013780712080537017
137,138,0.8223261110585095,0.012814901291390493
138,139,0.7962777430045945,0.012735807925397252
139,140,0.6330109434849474,0.023376729200732575
140,141,0.7734368014268902,0.01350610195428905
141,142,0.683611529419946,0.007800956085009782
142,143,0.8225065860620225,0.007235370902560123
143,144,0.7074282209332049,0.023581413452205817
144,145,0.684165931410601,0.007757780144206267
145,146,1.2669918391917363,0.009295405946852481
146,147,0.9115895291431991,0.011320691908187542
147,148,0.4825141303024434,0.019187063883261066
148,149,0.9972969666235149,0.004425882647836402
149,150,0.6696243072039706,0.020012528350974945
150,151,0.8007266528372713,0.013297335182321856
151,152,0.9858183099092894,0.008398519005295228
152,153,0.7944389062684792,0.005045812114723367
153,154,0.8122297173893986,0.004016675310554668
154,155,0.397853878590028,0.025833732542621807
155,156,0.34011847325480304,0.01619926563213083
156,157,0.43254162110833716,0.019415055155591512
157,158,0.8756238527415582,0.0060486576295583966
158,159,0.9904083827844438,0.008114130737568082
159,160,0.8755900286176406,0.0027555650832007
160,161,0.733014209543247,0.012221249605121371
161,162,0.9444762163875159,0.0071490998998328704
162,163,0.8826847256009532,0.007955354472872649
163,164,0.6820956682874317,0.015086099556842468
164,165,0.8931434146709748,0.0068262746098984506
165,166,0.8477452456517441,0.009372801452461435
166,167,0.8951554989694648,0.0049035167968718854
167,168,0.7492438513181909,0.009134166253357624
168,169,0.6865654431150516,0.006890348148018358
169,170,0.8340269593674392,0.003185908321885034
170,171,0.7640218756104301,0.0037671497186710975
171,172,0.8513358295014274,0.031022254710287214
172,173,0.6742678771711453,0.011768680372079553
173,174,0.99446059348642,0.004980052889586468
174,175,0.9641639632233665,0.0044112539785722766
175,176,0.8770650883847132,0.02447469872745461
176,177,0.7331979681059605,0.022488531680820018
177,178,0.9618823557178974,0.010738383906761
178,179,0.9013842702117402,0.016825776132953482
179,180,0.7132487592704965,0.018613284076476996
180,181,0.9198206167555374,0.006196992106423134
181,182,0.3831618503975355,0.007861893290327689
182,183,0.9347414122043298,0.0046405791806384674
183,184,0.7008980792768382,0.016449063334602543
184,185,0.6623460236394072,0.021013482617386933
185,186,0.8218238373039389,0.016053732198390097
186,187,0.9689483387953175,0.007182733688064926
187,188,0.6084705551279902,0.005820018297372541
188,189,0.9633634641555076,0.005378261557874168
189,190,0.8877292773864276,0.028692321014086603
190,191,0.7034588413785886,0.022199636191091814
191,192,0.7298038323139104,0.02640343256675406
192,193,0.5027736630764748,0.021459630594740403
193,194,1.0616561050144795,0.007922694152976799
194,195,0.6473683579449673,0.005831108130993574
195,196,0.9235241202207672,0.021923731817227465
196,197,0.8753481338131787,0.006932634322451229
197,198,0.9282195052012367,0.007412243108454814
198,199,0.9374498979201323,0.008692590845755115
199,200,0.8425176491054341,0.0053819599294043455
200,201,0.7581841485505304,0.010576026646343733
201,202,0.6861520497950153,0.021428493581348414
202,203,0.7635147659939008,0.005012450238798425
203,204,0.8556297397409147,0.005135143945885778
204,205,0.9036420916205131,0.015349723645752709
205,206,0.9959994589781422,0.0052176072111649935
206,207,0.3667478499300177,0.021161437716308466
207,208,0.7530992495443345,0.014571280265012724
208,209,0.7898564292289588,0.007896167928090272
209,210,0.6069517489739282,0.006506410132561039
210,211,0.6063921942828192,0.024209436979606418
211,212,0.47999506299792943,0.012586001564727134
212,213,0.597327655842973,0.016381569214465253
213,214,0.7885745990009162,0.023113573450856097
214,215,0.7938423405790362,0.009105124641091629
215,216,0.8528812855201481,0.010003493088352593
216,217,0.7924629929829088,0.025464870816381623
217,218,0.8556571276137093,0.014927404758149366
218,219,0.696060521764388,0.0087130147507832
219,220,0.7472701596936203,0.0074927018623785
220,221,0.7206755521818285,0.003957881577586939
221,222,0.730409628753344,0.02336918876572153
222,223,0.514945915651219,0.0210576074157334
223,224,0.8025268618089535,0.00718959827952512
224,225,0.7817443169794458,0.004006323804944878
225,226,0.6170814075223081,0.003221714536710633
226,227,0.8035354380624073,0.007641527493212606
227,228,0.7250502069130068,0.024742703898147797
228,229,0.8545130371129412,0.008309032345987786
229,230,0.9250455024566676,0.00765874007833647
230,231,0.7723844983904479,0.007026246658279775
231,232,0.9686555535558505,0.019581109609444987
232,233,0.4924478151916399,0.006392348675213429
233,234,0.7050581254731847,0.013947786302564623
234,235,0.9542025000088287,0.02441379848169631
235,236,0.8408327388599093,0.017316661329524478
236,237,1.139413674794618,0.006006622911227965
237,238,0.9782500316321681,0.006230121012246948
238,239,0.8332005066485492,0.014865521579221204
239,240,0.9585368504848788,0.013750358321950115
240,241,1.0912759432446688,0.00743953739090167
241,242,0.6117772193068598,0.0048216703840550336
242,243,0.7991440167491947,0.00991140945748629
243,244,0.97349326626215,0.006355040136629414
244,245,0.7122208340437096,0.02479055555603996
245,246,0.6932867938975664,0.032497803837751055
246,247,0.9716242152130109,0.005898973711375055
247,248,0.5764409667881648,0.021489066980129937
248,249,0.9638373768979704,0.017932453592743317
249,250,0.7269390014463339,0.013580356751390295
250,251,0.9528773197317242,0.006696919722087497
251,252,0.7006361841032235,0.017161699833924394
252,253,0.7576895342183211,0.007101624183595986
253,254,1.0774953505237257,0.01295453412495946
254,255,0.7138960950080532,0.022852151363406792
255,256,1.0241406958341113,0.008310764220467668
256,257,0.8045437969147051,0.008418388837010833
257,258,1.0080513324609968,0.008335103940442025
258,259,0.8603235239920819,0.030639026177567204
259,260,0.6887282386601739,0.02498281631908678
260,261,0.686618948724494,0.008408885182287258
261,262,1.0560948555735776,0.02536541677436572
262,263,0.5204037766078891,0.02395972710465965
263,264,0.7224533677311833,0.007257039589947704
264,265,0.8783455323215305,0.010790654501692172
265,266,0.40979131668633,0.01670322144252113
266,267,0.7530733189296811,0.013290616941579965
267,268,0.7090065155935114,0.005159972873491121
268,269,0.6813153658609167,0.005139752826425479
269,270,0.8715990910844291,0.03125768083281676
270,271,0.7375728211767106,0.009185059399072697
271,272,0.6536547959796531,0.002436744341587034
272,273,1.0423677842031724,0.012868293591454446
273,274,0.9931568307386106,0.01313908211684522
274,275,0.6574192759046206,0.012259821406633044
275,276,0.8518849640711726,0.00648310564469865
276,277,0.9558730371979066,0.009957667404407178
277,278,0.6302677296245492,0.015334999655043256
278,279,0.8099791441954215,0.023875686788935764
279,280,0.7817477951840518,0.007215337275886992
280,281,0.7866280695064901,0.02347878401073479
281,282,0.9469691423860686,0.013360977881844344
282,283,1.0025616592730413,0.007163948260752696
283,284,1.0066089612253397,0.018343394718220545
284,285,0.8548457331249665,0.009286857817390717
285,286,0.712884057138505,0.022907522101578096
286,287,0.8083229995972261,0.005055351332357257
287,288,0.7999413159903153,0.014227520066227472
288,289,0.8476580834891727,0.03007847502812792
289,290,0.7672394558272064,0.0258802056808263
290,291,0.6619447582509899,0.013172215407364202
291,292,0.7258950212498112,0.005203478129118982
292,293,0.49951368200991475,0.01237581074886548
293,294,0.7797502419499972,0.010569847636662036
294,295,0.578941110884723,0.019603442971122226
295,296,0.6955434085007176,0.02147916036944087
296,297,0.696115574071588,0.010653904339533508
297,298,0.6746648369366034,0.025168465585609458
298,299,0.8152765120775372,0.011423772254555669
299,300,0.8139123163292019,0.013957340854115608
300,301,0.8993462067037759,0.011095189943399803
301,302,0.7006374595667201,0.01132870390924093
302,303,0.7505674041037609,0.008775492974741408
303,304,0.850292163336227,0.006654922426697391
304,305,0.6599291531949791,0.00685987244627413
305,306,0.45926195648467444,0.01757521349991816
306,307,0.7217251590202559,0.02445208894548055
307,308,0.6858902203827503,0.02109201881946661
308,309,1.0979113346683924,0.005533084157708745
309,310,0.6928885579181225,0.01925974629770164
310,311,0.6605957290967763,0.015708229709516554
311,312,0.5038171262901251,0.013087135169472136
312,313,0.6526828070443702,0.0043295819402705054
313,314,0.7941278812838777,0.011858369514948673
314,315,0.6669381377013153,0.004613277159486932
315,316,0.835992148709731,0.019171871554751124
316,317,0.6672508693404138,0.014146709428912363
317,318,0.4900063920420611,0.020531059627412578
318,319,0.4790277682454347,0.027560995595966482
319,320,0.8483532444512835,0.01048746328244773
320,321,0.7268156196016216,0.02896065382772308
321,322,1.0276026209855649,0.013623867211317654
322,323,0.7208252194313168,0.007501348785547238
323,324,0.6614369672079266,0.017073542451541038
324,325,0.7290463691573988,0.013445435460566414
325,326,0.6277727485551067,0.031313563310845026
326,327,0.8976713704688005,0.03400304719640809
327,328,0.5214921777749958,0.017162918367130905
328,329,0.768527286028367,0.004892092580707635
329,330,0.3040183445389042,0.013352096245462472
330,331,0.9070526727571337,0.005286102149966077
331,332,0.539838896369608,0.0170769277753497
332,333,0.4680657921413181,0.005819244795703438
333,334,0.9567660560836002,0.007842137697636966
334,335,0.7490064146856291,0.006368244331532655
335,336,0.9368720076447343,0.011943126703042553
336,337,0.697921845082973,0.012447659857755098
337,338,0.7436762657225449,0.010431027006169087
338,339,0.744013100652324,0.010664178982363354
339,340,0.855008222614496,0.02047288188641276
340,341,0.6271146330164985,0.021786451333727214
341,342,0.6734709316406142,0.019598146913929294
342,343,0.6534336288932013,0.02548040525684423
343,344,0.7788630354131987,0.01007040716550453
344,345,0.931162177129975,0.005648413616100452
345,346,0.45765111765764505,0.019768010896255007
346,347,0.6714737482580319,0.014855546517540973
347,348,0.8395765516468141,0.00683664537319796
348,349,0.9140413077790022,0.0072755968321288386
349,350,0.8768067972495797,0.005817213190197787
350,351,0.6738355889497469,0.004720149314910267
351,352,0.7421420319282659,0.006791399155215967
352,353,0.9281786663654351,0.01762072230336802
353,354,0.7118007209041387,0.003832422892652845
354,355,0.8289530869714344,0.006370242848693388
355,356,0.8128873179596059,0.005303491837034583
356,357,0.7325326426407223,0.023979997124180228
357,358,0.7419218731896923,0.032802404201509684
358,359,0.5797347885783228,0.02007825992485575
359,360,1.1552268903701983,0.008909283345678625
360,361,1.029590980042609,0.008071183977296996
361,362,0.9107528770995776,0.006273554960546441
362,363,0.6592649708212033,0.009460124682456748
363,364,0.3657203715116599,0.014499967596919605
364,365,1.0013121144776633,0.034630460246157714
365,366,0.8189565384846846,0.007871455848132024
366,367,0.9666567938876434,0.018046932918474503
367,368,0.7473186490690744,0.02490130256701042
368,369,1.096185222189667,0.0072545390081854766
369,370,1.0693120651361425,0.018294650981242812
370,371,0.9745642634982272,0.006687710716996135
371,372,0.655433190615893,0.02135821361056251
372,373,0.9403911363905006,0.01804527665236975
373,374,0.7634810516407763,0.015228004454973496
374,375,0.8554370916442534,0.005598131059592388
375,376,0.7241675353786323,0.019273821457758175
376,377,1.105112442819925,0.009451342236712606
377,378,0.8048523817555214,0.018399005910778053
378,379,0.936023776641972,0.006813309345097307
379,380,0.5882295274645316,0.018665561536691074
380,381,0.976711528562625,0.007573551442073702
381,382,0.8637623554401166,0.006459264088891404
382,383,0.8157711288468964,0.007219920704253667
383,384,0.771340333467444,0.011242833638867985
384,385,0.6982789366695444,0.023572047988960326
385,386,0.601773120697638,0.008468309035450018
386,387,0.8955797769225416,0.003912893236851894
387,388,1.1411851666254618,0.007920558008552403
388,389,0.9905935612922561,0.00547690313442519
389,390,0.4828662217987346,0.009581525951156055
390,391,0.7872188081644067,0.016033349966455335
391,392,0.804201262991114,0.029196343582445924
392,393,0.775256072474252,0.020762392061113813
393,394,0.6506629055367756,0.02391108362747011
394,395,0.8956632968440268,0.005161083066389548
395,396,0.6659013847174333,0.0213255455299228
396,397,0.8689379182398695,0.004521104066589918
397,398,0.622377302574093,0.00967128220917539
398,399,0.7771204086923273,0.027754235033304885
399,400,0.5617260929149631,0.015600058110247183
400,401,0.4929026525262484,0.022030558281562824
401,402,0.780792932619545,0.005688904417404068
402,403,0.743993967077132,0.003741531757434628
403,404,0.8906619990827502,0.00639485153101979
404,405,0.16497056228663395,0.010889958520045083
405,406,0.584129148333884,0.02231004114743658
406,407,0.11259024911582259,0.01206930667778887
407,408,0.9451424222006414,0.017468446412731733
408,409,0.8586802972335972,0.005463669179606018
409,410,0.8567200685425582,0.009176328441538402
410,411,0.4554452191195909,0.0200153937067025
411,412,0.8736975334750542,0.00746528291134853
412,413,0.39141986942372065,0.01750537940700125
413,414,0.7135821911112605,0.004839409629533382
414,415,0.7720182186252229,0.00760761293367825
415,416,0.6233228338753612,0.024790854714287797
416,417,0.7648476334110957,0.008063573515239893
417,418,0.5044389455800476,0.01241976197806857
418,419,0.8966930000517207,0.005669773516142148
419,420,0.6792489256289668,0.005757153258641342
420,421,0.6727015205384627,0.005015158388794673
421,422,0.9734040755485431,0.008450577255889146
422,423,0.6671927752479511,0.018263935158656295
423,424,0.8762727129535135,0.025673787913640445
424,425,0.7727287084970661,0.008139143910741999
425,426,0.9084287587419022,0.006603982587835022
426,427,0.8930279662242764,0.00552016110999799
427,428,0.7912146077064758,0.008195526406570291
428,429,1.0141311562820539,0.013399399209764238
429,430,0.3656118297502397,0.01987209025837294
430,431,0.8183627871572005,0.010207085582329212
431,432,1.0508368153681285,0.007080363713422633
432,433,0.7308912509874724,0.010778914947215893
433,434,0.4760057339055325,0.024474860550148088
434,435,0.7189837666409236,0.013852983501828061
435,436,0.6403746797868843,0.012056477747080248
436,437,0.6793020070452546,0.004251154443354131
437,438,0.7355125204934275,0.004257698830792238
438,439,0.8409656175666331,0.018017865333476997
439,440,0.25231995714117134,0.014181521537186782
440,441,0.46567628773459324,0.019311081279568088
441,442,0.49072892783483796,0.01583330078276416
442,443,0.6654847563503511,0.021589957918620787
443,444,0.5571650404943586,0.018381309554834704
444,445,0.4477855634884346,0.017652715634963127
445,446,0.7441567907551793,0.02187310663432509
446,447,0.765983157301935,0.029201733020294444
447,448,0.8520766315449105,0.026280053928531374
448,449,0.8454894052155439,0.02069131622060659
449,450,0.995334436386669,0.01793349457688472
450,451,0.5574178923148242,0.025124886143975213
451,452,0.536484595785529,0.0247938959903185
452,453,0.8487947445680875,0.03138612483571957
453,454,1.1305404624001953,0.005787643923785261
454,455,0.6148342138969491,0.02276864778212237
455,456,0.8178183425739138,0.0141644075879462
456,457,0.7344246904340879,0.014449319032522468
457,458,1.0296014607001893,0.022591877802973736
458,459,0.5764580548774677,0.021608158564705524
459,460,0.8824269278239653,0.0029006919413995065
460,461,0.6283815872185017,0.014148567248084522
461,462,0.9705267109359872,0.00606444291852069
462,463,1.031909361358104,0.01819767821724672
463,464,0.561990187081927,0.015263646112346404
464,465,0.8625195654712751,0.008398272416661485
465,466,0.5349500994826243,0.016665430444028004
466,467,0.6866756385577665,0.013215954927325935
467,468,0.8480732197036839,0.026533663098464427
468,469,0.9538798045020904,0.007392740110790077
469,470,0.8220966571196241,0.004626349450760203
470,471,0.9199833704876819,0.018941273001341262
471,472,0.5584016009651893,0.017383828172435167
472,473,0.8453622063632881,0.00807866815751935
473,474,0.8319807110288646,0.00905442828307336
474,475,0.6012345136250404,0.016866369283244458
475,476,0.7627274552754588,0.0043859833849113515
476,477,0.7103080626756351,0.018374039133190887
477,478,0.7748827020073149,0.024580772003215692
478,479,0.6282519226787628,0.007859394917575641
479,480,0.5118414111986312,0.017234316946232942
480,481,1.0757900253335935,0.009063846388841782
481,482,0.854864061087293,0.01743363335954042
482,483,0.8243387960599252,0.005942029966310122
483,484,0.6416425658387055,0.020146810113739165
484,485,0.6177427468883111,0.018348737300753593
485,486,0.7777486807809738,0.007478641680819885
486,487,0.542081407437396,0.021572797226827783
487,488,0.6139246179273413,0.01907376334367428
488,489,1.0051147641120113,0.028459881827179633
489,490,0.53783547044388,0.019001462362225763
490,491,0.9103213668817859,0.0065157106813763304
491,492,0.5607740519700726,0.009502990177698305
492,493,0.6663512951691121,0.014176302617573562
493,494,0.9070451230924139,0.007411899074296986
494,495,0.46445774344165225,0.01522773426433009
495,496,0.9713165506880986,0.007506696064752879
496,497,1.0556141582902672,0.009360284153333738
497,498,0.19777538787941404,0.017503174612295645
498,499,1.030896874165136,0.006975819695739309
499,500,0.7097565919532375,0.013360408977258209
500,501,0.5415818825759801,0.021984984832911756
501,502,0.5543654090258032,0.02129926812288104
502,503,0.7229170303163307,0.006324442526588471
503,504,0.6228057852474889,0.02530062393246365
504,505,1.0309021690196605,0.007790622491949921
505,506,0.4468825810916429,0.018484303660319747
506,507,0.7309561182883948,0.01366769329627452
507,508,0.9446707017218365,0.005757514630104845
508,509,0.8821759915130523,0.022551490715843496
509,510,0.547178644752577,0.015381697915702607
510,511,1.0271427324623945,0.00798727625209347
511,512,0.8697110374977735,0.007711606745653504
512,513,0.9042882473767805,0.014182452145654532
513,514,0.7371418710474109,0.006471202985102299
514,515,0.7062490711569273,0.022714116579476796
515,516,0.8592687670422215,0.026325818251531647
516,517,0.7513042794379927,0.021654615284399752
517,518,0.5613831267419562,0.025982005957033722
518,519,0.8846854020265239,0.015650519082123022
519,520,0.7096446018751041,0.01935178669401657
520,521,0.7262156464306051,0.0056402723142997616
521,522,0.6407869114694024,0.005891203784995896
522,523,0.929003703456303,0.004383856861843657
523,524,0.6829742905907101,0.02400223830126155
524,525,0.918624927980427,0.012124510589138337
525,526,1.119847849819453,0.009108959722029405
526,527,0.43638833559671564,0.013085428618377434
527,528,0.6908750031989265,0.015284153714506619
528,529,0.15965229626005742,0.01117402991322919
529,530,0.7746122465010905,0.005560109118679646
530,531,0.3085163455604725,0.020736647674577613
531,532,0.8186094646590057,0.006786939221498594
532,533,0.8295494817516473,0.0062889227421891476
533,534,0.9074834769294274,0.013667916229414896
534,535,0.8191016673419894,0.02297941988866526
535,536,1.065062763577757,0.00835862916465131
536,537,0.5729908868759905,0.00906325371185905
537,538,0.7733202309288902,0.006055673391367214
538,539,0.9041981829246746,0.00558313951990754
539,540,1.0572239585820868,0.007381284937400426
540,541,0.5722524268591351,0.011241256024416692
541,542,0.7609136238340922,0.007952713581156538
542,543,0.7916953821399433,0.01253423117674577
543,544,0.8644104138732327,0.017821256229890996
544,545,0.4074812258704506,0.020627256202177993
545,546,0.831000739324503,0.017785711223296568
546,547,0.8908578626481276,0.030193294749577534
547,548,0.8727285776958176,0.007177424853816591
548,549,1.011661681312123,0.006089705137350043
549,550,0.7100823527703755,0.0031864057151859636
550,551,0.9091144509696651,0.005637618969796921
551,552,0.7704925332808376,0.011637944045759154
552,553,0.6371255066636505,0.025400334809808023
553,554,0.5501600140170818,0.006499505794977519
554,555,0.9627814410841002,0.005147347929318055
555,556,0.7756254332711021,0.008217034871835087
556,557,0.6390934158276451,0.011896853723636426
557,558,0.9549536555871581,0.0069739416084241765
558,559,0.883906449187636,0.020307111587579522
559,560,0.9492720962677367,0.003934001271217218
560,561,0.6790497446016205,0.02102876914886709
561,562,0.8685556169931393,0.008028568517564562
562,563,0.8299239516069399,0.004660090812602889
563,564,0.6617483719381527,0.019054767903107266
564,565,0.773515573000252,0.02784067432253653
565,566,0.9513717121671879,0.03111678352496375
566,567,0.7018601239660234,0.026782744743058133
567,568,0.856880779256726,0.01050235032839466
568,569,0.6089160148488169,0.010664776729109432
569,570,0.7427413490726081,0.013349260333856998
570,571,0.7151409124123455,0.02548508140891785
571,572,0.8216072955894557,0.016263717532435516
572,573,0.8145624172387258,0.00455318906421592
573,574,0.3196784572721566,0.013560973976291572
574,575,0.8970741420454916,0.005292078467483966
575,576,0.5943941019080415,0.029510156042202244
576,577,0.47297900788714503,0.012465818967205384
577,578,1.0949498980151948,0.006918309483093362
578,579,0.6998050759304917,0.023042294467078107
579,580,0.6107930404977902,0.023207593152708844
580,581,0.7846885600621087,0.010729860070363549
581,582,1.0168904083571746,0.005814130210700652
582,583,1.0614991460428211,0.007273134965886462
583,584,1.3151660005212102,0.011200001642892773
584,585,0.944630676055525,0.009176131607779468
585,586,0.6514362020103811,0.03336284972969145
586,587,0.8114614437319558,0.004940804568563277
587,588,0.6780737078665106,0.01411660003501929
588,589,0.9398705613190949,0.00623577928413923
589,590,0.758133490867996,0.0065514977340857625
590,591,0.5852768109069688,0.01936529791318676
591,592,0.78881531450694,0.007792993263451356
592,593,0.7820101379889464,0.009949307609803771
593,594,0.8486537853287774,0.01291608845949003
594,595,0.9359920192834466,0.010054899135623683
595,596,0.642547803516017,0.007143011928313917
596,597,0.5439575333560592,0.01853070366592033
597,598,0.8767667858522848,0.003949449210454264
598,599,0.709454455498612,0.009571938013099352
599,600,0.8109711427483792,0.010870024642613111
600,601,0.8062211556109852,0.0175067241984624
601,602,0.8080596080809059,0.0027609090914134026
602,603,0.5670756759711048,0.01807624530911846
603,604,0.37919189865812886,0.02330380849299351
604,605,0.6057137859776064,0.008623469187425077
605,606,0.8515546169509909,0.005570251478831795
606,607,1.236309064135931,0.00719233423862317
607,608,0.4029209116914316,0.01568498984256668
608,609,0.9820546899580637,0.004684993616924939
609,610,0.7796804300438539,0.01514452644270131
610,611,0.9790000067808181,0.005187252846384068
611,612,0.7185349442792343,0.03181918561730187
612,613,0.47782591080786857,0.01902668889110308
613,614,0.6753320149309654,0.021258574463494138
614,615,0.8788002708060304,0.006144594477611186
615,616,0.8734225618399478,0.005715693139138926
616,617,0.8798444747960938,0.007630703634330989
617,618,0.9259101882845622,0.0077557353342990075
618,619,0.769528799817982,0.013254070452732284
619,620,0.9661119290512827,0.0067248839423339314
620,621,0.9036166767815869,0.006025064908156018
621,622,0.980802664909672,0.008089426077352578
622,623,0.878147851019144,0.010314479378592993
623,624,0.6691312373698897,0.02102444878598152
624,625,1.0128073397270638,0.005152740232360625
625,626,0.9913104176988947,0.018147626905996864
626,627,0.4685812927568179,0.01338711071635105
627,628,0.8559617351511644,0.01001741709569489
628,629,0.9313460790379892,0.006488650291206164
629,630,0.8991186484711011,0.014104694296286588
630,631,0.9768608120197423,0.007425443289338088
631,632,0.9823240728741669,0.007645884892098225
632,633,0.8611321124564741,0.0193290534899722
633,634,0.7859492993846208,0.02789036833145254
634,635,0.68994550335314,0.014680916480673092
635,636,0.38334521915374564,0.020412434781410412
636,637,0.7515611674490955,0.009835438247146404
637,638,0.9107385065716361,0.011071734653791401
638,639,0.6034572773642503,0.004670509409173016
639,640,0.6449510047159708,0.009543031684629472
640,641,0.6936313129979277,0.01589752394891427
641,642,0.9204786503642218,0.006580597385406869
642,643,0.3787497495957835,0.014947241346383512
643,644,0.8900715367369889,0.018459057284713882
644,645,0.7581257426220621,0.02438082264266905
645,646,0.5181702487760587,0.02205663058093979
646,647,0.8975138019543285,0.015522252730956386
647,648,0.8115136468379136,0.0052269400282401466
648,649,1.1029509788323553,0.0090015417628288
649,650,0.7349189900726292,0.006559183054186942
650,651,0.6723735339335368,0.02440855155840622
651,652,0.2687720059794673,0.013066816792654807
652,653,1.0403492437366888,0.008442493427719331
653,654,0.7980739228242094,0.003738547931127545
654,655,0.8235950757475661,0.009202871206297189
655,656,0.8853387122860326,0.0068499512811160184
656,657,0.7277735828073958,0.029455105988689157
657,658,0.6362144537200801,0.01687689167521115
658,659,0.777860674536199,0.004227352015800128
659,660,0.8132770065813664,0.006349910002012362
660,661,1.1927474500673343,0.01134840741626854
661,662,0.7416943440296155,0.00751711663265169
662,663,0.9579911734926791,0.020578781426422776
663,664,0.893205228619525,0.007591177183344234
664,665,0.7597043579078536,0.00776667060154188
665,666,0.9939385350542014,0.00986934655981977
666,667,0.9726713307505371,0.020081781246095765
667,668,0.7020470127599538,0.006012447031568169
668,669,0.6777299214079122,0.011230361052458409
669,670,0.8974806775442113,0.005017664498276359
670,671,0.6632458373885999,0.023607421812052783
671,672,0.7389570012615343,0.006085954089621894
672,673,0.7094299031531355,0.004373042194829963
673,674,1.0226416052235012,0.0029290032760245334
674,675,0.6405903469957991,0.006183408627643514
675,676,0.7967006076099369,0.016946224617732247
676,677,0.8384487491806445,0.014980170616665688
677,678,1.0184958751873243,0.006302928261172787
678,679,1.0077388406813872,0.008595822346944627
679,680,0.8717238871010436,0.02702078186242057
680,681,0.8506333678332818,0.03546623013386456
681,682,1.2231057795115996,0.004974930988560817
682,683,0.7285431610089388,0.012569386752108452
683,684,0.6521728809151401,0.024220286177446145
684,685,0.692589071109963,0.011534260554353103
685,686,0.7582091799384859,0.012174411020905662
686,687,1.0039376240026094,0.006822620674825214
687,688,0.941156655885909,0.00730256003656257
688,689,0.803251393744474,0.018905821925071842
689,690,0.7629709098805101,0.00739950596261136
690,691,0.9398613170704039,0.005004592574942031
691,692,0.5367903627876588,0.007654371965591166
692,693,0.3084333590531388,0.014183949376409613
693,694,0.7486335462808031,0.015090997247769041
694,695,0.6549971514293975,0.010303007238629942
695,696,0.7162710532330715,0.021729013425586814
696,697,0.7739965026665715,0.006188341005113681
697,698,1.066615709856252,0.012177871299537313
698,699,1.1371638906260013,0.013527397975110392
699,700,1.0378942148614771,0.006073859233504773
700,701,0.7990012917975741,0.01488585021042308
701,702,0.9647966501424002,0.009397969845731964
702,703,0.6748572231292429,0.026068810847192453
703,704,0.7989662519339629,0.019777552997063005
704,705,0.5688342853008183,0.017637848147800648
705,706,0.4940013585881965,0.009573599185080358
706,707,0.7782063115203789,0.008076906205053839
707,708,0.9532560570996143,0.006919820280405636
708,709,0.2536002984065762,0.017885694796881364
709,710,1.0596687061493244,0.02016350299983417
710,711,0.9349573324444501,0.0065549620626909055
711,712,0.7379017320392288,0.010133425004139886
712,713,0.8885577264037706,0.008194539928622438
713,714,0.650362153641095,0.0260642779186295
714,715,0.7728811552095413,0.02766556468617942
715,716,0.625261879524489,0.008256207918163111
716,717,0.5445457415656458,0.010498520182159098
717,718,0.8770981518725328,0.004266251906951774
718,719,0.8621496945922161,0.016135833701138757
719,720,0.5810982675311207,0.007639484754214149
720,721,0.7906071029240619,0.012677193768424919
721,722,0.4362273394597483,0.016181030802573024
722,723,0.7757313362111362,0.003479487319580753
723,724,0.4266504819474532,0.009704871446225697
724,725,0.8576130433209012,0.017113453520506926
725,726,0.7903953063254404,0.00967873219344609
726,727,0.7520886659027997,0.022251817014717054
727,728,0.7658958441931059,0.026720889287106885
728,729,0.6142220710242106,0.019603489140866934
729,730,0.645070152471957,0.012787796520867213
730,731,0.7517019872609365,0.006746642048061735
731,732,0.8060338985269907,0.029156933897139366
732,733,0.9442889685115445,0.0061185470480886765
733,734,0.6488781782259615,0.018447455126716403
734,735,0.81725075682235,0.016069303344966795
735,736,0.744921271457799,0.015337763544933974
736,737,0.5184146337775963,0.020395158374550196
737,738,0.7182684976432271,0.007145255543288569
738,739,0.7594497590980971,0.004597438430386856
739,740,0.5744056869425472,0.022296508095602883
740,741,0.3677610527147866,0.01508367375615825
741,742,1.0395621700534248,0.004814682948004868
742,743,0.9913448783979857,0.007970601363758217
743,744,0.541623722944728,0.013508210268209152
744,745,0.3323277600417504,0.022135952658686568
745,746,0.7900958362632928,0.0163931783030755
746,747,0.6694896851841078,0.004285344453563817
747,748,0.9860410343843061,0.006640656414097332
748,749,0.7024434770766208,0.021654793936854627
749,750,0.6975262025831883,0.011574388505629108
750,751,0.8498770093584818,0.004557027219702607
751,752,0.6844448275965408,0.009210671989078403
752,753,0.7085034373171513,0.008148720152101612
753,754,0.8390683183176273,0.01912465865217737
754,755,0.9410644090735416,0.005291961118488902
755,756,0.6974470550419279,0.026977431090274652
756,757,0.9222920036673993,0.007703031515785454
757,758,0.8204419433156198,0.013720036085109539
758,759,0.9420556001449073,0.027128221238422977
759,760,0.631530911161565,0.025307868966769103
760,761,0.3821561828634069,0.01283249829268811
761,762,0.8101794761112717,0.02605778592984696
762,763,0.7424446565567048,0.005638644591424932
763,764,0.947493432260073,0.007684932140380632
764,765,0.648201585829196,0.007511252312599742
765,766,0.750532550789243,0.003011127508909071
766,767,0.7757090683192773,0.01316666437693435
767,768,0.7478043014493568,0.02445772313360027
768,769,0.7563829975676282,0.0077804810610951364
769,770,0.669084068405322,0.005611732990689216
770,771,0.8055167602503265,0.005992098452857992
771,772,0.8842042145595307,0.006350471871023316
772,773,0.9133921939425013,0.006817524288938091
773,774,0.6130122187481091,0.012576246653633468
774,775,1.0004657200045028,0.009260054364305683
775,776,0.8596833754915075,0.012526088468194118
776,777,0.9702296867079898,0.00599094972096364
777,778,0.7800845888112858,0.008343328955702235
778,779,0.5787524980569568,0.005594569520054123
779,780,0.9324252966581559,0.02045351480280455
780,781,1.0635029698868055,0.010865510960251925
781,782,0.8130426362412576,0.018374555204242405
782,783,0.577233601793042,0.013655831698172942
783,784,0.8730183770923994,0.01802858084167119
784,785,0.7889506215344743,0.007549737183896451
785,786,0.57989922636181,0.02922314578492231
786,787,0.7097552104029912,0.028167459968184864
787,788,0.5643891923505278,0.017193285417837812
788,789,0.859766664120129,0.010916940973841098
789,790,0.7355976903408501,0.0214953186367255
790,791,0.7207251496722483,0.009973648171133035
791,792,0.6427450350351663,0.014001203249644002
792,793,0.6731576704130907,0.011103782724153162
793,794,1.0546968845164837,0.006188793302764258
794,795,1.1007854811264959,0.008918852624716186
795,796,0.7396405364072997,0.004301423720800862
796,797,0.9024645733775863,0.005213255108604667
797,798,0.688473515700376,0.020940865945765094
798,799,0.7416775939473012,0.010732232693824159
799,800,1.0956464106804138,0.008293784624957338
800,801,1.0475677272711292,0.009086263743753107
801,802,0.9283555955284823,0.004824394734429202
802,803,0.5938688240356912,0.005523939938194764
803,804,0.6363881985200819,0.03360401730852968
804,805,0.6842105557196031,0.01921179526392436
805,806,0.6900635155896153,0.018760777588336178
806,807,0.3938224070343348,0.014718591956141993
807,808,0.7466623666638441,0.005728733168329648
808,809,0.6227105385420978,0.021031503505083662
809,810,0.9309504089159635,0.03294783879514535
810,811,0.4935238346126601,0.022771747974012095
811,812,0.668594316511013,0.021787788698649647
812,813,0.788145565930283,0.008426562747069436
813,814,0.9521482647122466,0.006906306581846711
814,815,0.7753653548844103,0.004756578640944425
815,816,0.7621309926413657,0.007054274098380433
816,817,0.6588500180784861,0.004473391988069434
817,818,0.5352796429206031,0.028107043577811068
818,819,0.9991349790422824,0.006252420669457454
819,820,0.8536605748404981,0.01919887128354383
820,821,0.9140757881155701,0.005453367162488637
821,822,0.9519198604509591,0.012953192381634709
822,823,0.8429587039116824,0.008681160751353834
823,824,0.832464993820002,0.009642000576442008
824,825,0.6916550441658113,0.006597280298468613
825,826,0.9175798579293821,0.016580117561647855
826,827,0.8651294996310367,0.030875625445925668
827,828,0.6652525563250845,0.02470674210067063
828,829,0.835807406068901,0.01015080172094764
829,830,0.9630616366152743,0.017593881976214563
830,831,0.5925017546893804,0.023023816992453636
831,832,0.8296860620826363,0.006689315982855782
832,833,0.7155314387301643,0.020894281456712478
833,834,0.7693734427088857,0.015158504920173382
834,835,0.7823239107028667,0.008801971670965598
835,836,0.6452167801424079,0.022020884654477418
836,837,0.9090141154145936,0.01593567700896079
837,838,0.8473369343382176,0.029723390186083085
838,839,0.9079469349702748,0.028697615137392354
839,840,0.8334234569884141,0.010010571508437807
840,841,0.7913457564106725,0.005252516034449596
841,842,0.6583948062127872,0.020247867676833627
842,843,0.6622507210337768,0.01544755803413415
843,844,0.466009991298603,0.01124006717789597
844,845,0.5661869459550358,0.018139363261104224
845,846,0.8579801571719922,0.005301820528065805
846,847,0.6048253242685728,0.018843512674886712
847,848,0.9324708767945233,0.00835331115834307
848,849,0.9446642600118993,0.0052482760346071475
849,850,0.7918778487221113,0.018542297430964378
850,851,0.937091647132103,0.02162472396050258
851,852,0.3593588297163653,0.01796787498463523
852,853,0.36718591489176894,0.021202325318332604
853,854,0.8359136123197887,0.024909578872192355
854,855,0.5049339289868223,0.015708524598539556
855,856,0.9713270657943355,0.006002428014775395
856,857,0.6477344885427656,0.009548561291315611
857,858,0.8281458675295201,0.029128116009259894
858,859,0.9758452232948921,0.007504254069459095
859,860,0.837349247510424,0.0052182352001549715
860,861,0.30481427548121026,0.01251648883858021
861,862,0.5785100349989646,0.02633944058789646
862,863,0.8243034696279449,0.015467775501033128
863,864,0.7931100274090831,0.00834848603435575
864,865,0.8700709425355572,0.008101490733782838
865,866,0.8905604761591439,0.02712680231055549
866,867,1.0687840753556097,0.011381381285396775
867,868,0.8892210505434529,0.005740158830477803
868,869,0.9765771674743553,0.008108646406966732
869,870,0.9099592862070475,0.007291981169613219
870,871,0.8759339006272818,0.006285961285092832
871,872,1.0021958248591851,0.005296343994760455
872,873,0.881234797521033,0.013172300888677983
873,874,0.5486484654077571,0.01376464410784247
874,875,0.5766583215518252,0.024998007324543305
875,876,1.0016231983950392,0.006437540687222769
876,877,0.616603166169028,0.021694242925450514
877,878,0.7445481469451712,0.008930244021502722
878,879,0.6457868474191425,0.024128216801744543
879,880,0.7787096029630177,0.02702700049171892
880,881,0.5526602488772294,0.026442434824031844
881,882,0.6644200309168652,0.005220538121015747
882,883,0.39654131787584135,0.014007757656863705
883,884,1.0341818764186805,0.007896767997552751
884,885,0.7093732349677981,0.02252859356000081
885,886,0.977205987997844,0.005711974518578013
886,887,0.6089795742776578,0.014429349023983193
887,888,0.9390055058520206,0.005397467459953726
888,889,0.7738980005916857,0.008779397996581274
889,890,0.7796267051726016,0.02511900853291714
890,891,0.8764992786300594,0.009950259960761706
891,892,1.0102852963312114,0.004660219187675803
892,893,0.5870965279567191,0.020052793334410148
893,894,0.6715401741080139,0.024602073345543585
894,895,0.7212075790292438,0.031043987360147955
895,896,0.7397346271302773,0.015974983505218796
896,897,0.850148276810423,0.0060168997594540665
897,898,0.6472992902727331,0.015481794666666375
898,899,0.6641041007302686,0.015009398801514471
899,900,0.6230890826242755,0.02579883466647135
900,901,0.907457803954176,0.004744799599644187
901,902,0.5488152320018821,0.02491164617615613
902,903,0.8638673163142672,0.004197833517569248
903,904,0.5661389027812168,0.023685638742480496
904,905,0.7279840080702048,0.0072518895823388396
905,906,0.8816695271685354,0.0061845336659827515
906,907,1.1925254382687,0.009386526816187358
907,908,1.1651703919571472,0.008055517644784693
908,909,0.7861407205606858,0.027206452089704618
909,910,0.8885008709726839,0.005861388219217894
910,911,0.8581002550360515,0.015372170237190693
911,912,0.9464787995692583,0.008218857072013246
912,913,0.7745540382238714,0.010466487280269237
913,914,0.9330581839134734,0.019912551731947798
914,915,0.649512518164573,0.02219143477350265
915,916,0.9036678365292314,0.007306443792130717
916,917,0.5502929276985064,0.01597409863078091
917,918,0.5447015121887017,0.017865457181762783
918,919,1.0315256325965847,0.0069555720465462705
919,920,0.993614687361836,0.005980196309005073
920,921,0.734790344032511,0.01625692454966484
921,922,0.8592790643127727,0.009993143914423103
922,923,0.9644702954218212,0.0062623037950948765
923,924,0.8701569976745565,0.011846571287644192
924,925,0.7718795280819057,0.0031748220712994237
925,926,0.7430207645528408,0.006224377932963965
926,927,0.4151552265497656,0.010481391074458894
927,928,0.9407766370335122,0.015120298194958309
928,929,0.8094454231875768,0.004244901720323193
929,930,0.9587207717765615,0.008207584997526952
930,931,0.45299040183813344,0.009255897263835411
931,932,0.7987435029776887,0.009508832183133595
932,933,1.2308685672049198,0.011007263829232268
933,934,0.9151472834569104,0.00609331271913969
934,935,0.6061864881339629,0.01677484057991621
935,936,0.674660120930033,0.007096026675387202
936,937,0.7372322826222035,0.01532861199500603
937,938,0.791545274011141,0.0064001293574961655
938,939,0.6424150739645914,0.005565458870098331
939,940,0.810873355240597,0.028747398826503817
940,941,0.2520482045655874,0.02115923063633428
941,942,0.8023332683446215,0.006127550425841553
942,943,0.485173073743094,0.017673092845143595
943,944,0.49205698673649384,0.016407624174383312
944,945,0.8324628012188036,0.02385543306444942
945,946,0.7655225447693014,0.02540955979590777
946,947,0.8566984708011287,0.01548420738352347
947,948,1.0894501107073635,0.00723954796868345
948,949,0.8072615139043441,0.002774988318314085
949,950,0.24047033608749324,0.008692659214097764
950,951,1.1652880782132478,0.011583381566617148
951,952,0.5476098590064414,0.019208323100614662
952,953,0.9406209169457206,0.007307238916833312
953,954,0.8506958466791417,0.008651434204201492
954,955,1.055979529784397,0.007543366763890758
955,956,0.5998641322810125,0.025861772589034604
956,957,0.41388832637239437,0.015835084123664373
957,958,0.848940150094365,0.01861174350458526
958,959,0.9207309429805219,0.008408371915037809
959,960,0.7868967527706019,0.0036035004368053366
960,961,0.969541873059628,0.007815765447293607
961,962,1.0205200476665903,0.008618967937242839
962,963,1.0012231048073374,0.0065191609194513835
963,964,0.5342656676098152,0.014428189216545683
964,965,0.8517696932121502,0.020046754251469
965,966,0.8787175187517379,0.02212104062654422
966,967,0.6972845635041236,0.008524917458534838
967,968,0.5121629608037931,0.011401384970977925
968,969,0.9426603419758689,0.016783035687115644
969,970,0.6011835284049297,0.029260695077545258
970,971,1.1007956359375224,0.0050456322749831565
971,972,0.8603574729410725,0.006007288275205483
972,973,0.6421492272452449,0.024633824373580547
973,974,0.7975013689189627,0.025493712055184258
974,975,0.8042326482994131,0.015680963171106906
975,976,0.8466839642521717,0.013236098829817331
976,977,0.87099875407491,0.016933692101007602
977,978,0.7137731940568728,0.004541064837709755
978,979,0.8939877371304555,0.0030924257208233565
979,980,0.46308980383995363,0.02261960354255579
980,981,0.8139250222677574,0.014744812416474339
981,982,1.0161303440298302,0.005468457126499714
982,983,0.8045007688308053,0.006313802565166676
983,984,0.9930987388272231,0.014041357957653608
984,985,0.8958665610953134,0.011875478050129836
985,986,0.9505748891392412,0.005171254564946237
986,987,0.5681968459534648,0.010549910128246024
987,988,0.5279256488625753,0.026842411799914142
988,989,0.494395852387789,0.015786056359263157
989,990,0.9172670457394665,0.0043620896495702105
990,991,0.6241659859542412,0.02650896386530048
991,992,0.5926516962328888,0.01497160629549225
992,993,0.8270100635841133,0.006164837147061419
993,994,0.8446817670160491,0.01658811393291865
994,995,0.7633860497010171,0.008255286173803984
995,996,0.635911751981236,0.009772142275712485
996,997,0.9126185468135559,0.005164534552374665
997,998,0.1664457578993461,0.017777139759265998
998,999,0.8543885331785518,0.02636030187255579
999,1000,0.8423567631653373,0.00800589152891429
1000,1001,0.6949623353257859,0.00516362163218317
1001,1002,0.831067344270031,0.016180147307191303
1002,1003,0.9510492218457802,0.007019272954176449
1003,1004,0.6422215612361285,0.022545533050116327
1004,1005,0.953953411454968,0.006066431204208601
1005,1006,0.8677027085659497,0.02229642572297765
1006,1007,0.6878090065314143,0.014810121674666455
1007,1008,0.6760666427981072,0.01994521062841497
1008,1009,0.3264878175385627,0.012782280125795752
1009,1010,0.7657840635854309,0.009599506428541729
1010,1011,0.6551837820256329,0.0175675597323298
1011,1012,0.8546965203634288,0.003899341580961065
1012,1013,1.0341957780705737,0.006663479832013648
1013,1014,0.787361032277879,0.009659664113125343
1014,1015,0.5532836525082608,0.014395613165076671
1015,1016,0.7974127950900731,0.008721345770650642
1016,1017,0.41317213101149636,0.012190965650168062
1017,1018,0.9565005126633683,0.004446215892947705
1018,1019,0.859361634975579,0.006173011377362031
1019,1020,0.9234503893916165,0.006043366218403089
1020,1021,0.7548623495969493,0.008728526123765802
1021,1022,0.5930266347238377,0.02371697111926992
1022,1023,0.8316842175442082,0.012177468060215385
1023,1024,0.696417616147969,0.01535471678320106
1024,1025,0.6840218887917145,0.018920452193390818
1025,1026,0.5158259076903858,0.023833214618013965
1026,1027,0.749310185249541,0.024476929523728944
1027,1028,0.573360486203355,0.01824689820528932
1028,1029,1.0086878683121012,0.009691078480591836
1029,1030,0.7485346197348673,0.023811560114245647
1030,1031,0.8064215237973623,0.0036669686812226695
1031,1032,0.601493295111704,0.017910606770515248
1032,1033,0.8510007141740615,0.0030206819575925516
1033,1034,0.3168751230212094,0.022101985969887158
1034,1035,1.1717220786891611,0.010053459987307504
1035,1036,0.9545313587633031,0.007598454788563463
1036,1037,0.7084159439913384,0.023331370757313983
1037,1038,0.8417222506222121,0.009029892799493455
1038,1039,0.99082956153431,0.006132702782667809
1039,1040,0.9549246883141145,0.006716334074703948
1040,1041,0.9426183388766796,0.013491729965770364
1041,1042,0.71699142534457,0.0030807678987159436
1042,1043,0.6368773830128899,0.024892595600391133
1043,1044,1.000973627520979,0.007263989877916952
1044,1045,0.49888766179442395,0.022673650876017585
1045,1046,0.7670720775229806,0.024243658360718904
1046,1047,0.7707564664673486,0.004665540433785624
1047,1048,0.9317988461020579,0.012992629034701289
1048,1049,0.9230461918480113,0.01728619114587029
1049,1050,0.7299703511565168,0.005068154556095924
1050,1051,0.5258800407154783,0.010652440369191525
1051,1052,0.649578303046055,0.012543985980124924
1052,1053,0.6290623611207279,0.005250457466337672
1053,1054,0.861141424506007,0.002173436671874648
1054,1055,0.5296313142167894,0.020002119638420843
1055,1056,0.720110797159243,0.013209062830777607
1056,1057,0.7456876977138561,0.015985836079358995
1057,1058,0.6870218430552026,0.022268391006089468
1058,1059,0.7322322807129507,0.02663165248769389
1059,1060,0.8810788609036999,0.01721045811621265
1060,1061,0.8213785133570302,0.00801383175770786
1061,1062,0.6495791973472665,0.018390028801979368
1062,1063,0.7730648059951541,0.014463797614876407
1063,1064,0.6036027503888514,0.027803956783661782
1064,1065,0.7767111458476984,0.007220350748043927
1065,1066,0.7113603494462696,0.0071219520146863806
1066,1067,0.7945020178084575,0.010070158311217185
1067,1068,0.9531095323767191,0.007718488542832072
1068,1069,0.7344886379657264,0.027727153588967685
1069,1070,1.1072254154271857,0.006937574998291827
1070,1071,0.7490535556148505,0.005556151039207856
1071,1072,0.8459956943866992,0.025860831097991942
1072,1073,0.6138907666336095,0.02213433797823781
1073,1074,0.6236952133658528,0.022438031265930743
1074,1075,0.7326700876022924,0.019682518796947896
1075,1076,0.6286530776026179,0.024267105487813693
1076,1077,0.5745203681393259,0.022880875713691608
1077,1078,0.5783373938194766,0.011586580826653778
1078,1079,0.7898680393799785,0.007646550734863499
1079,1080,0.8404603410396921,0.0059787528390164235
1080,1081,1.116784204975396,0.017343810329933648
1081,1082,0.751224448240946,0.007179253074943664
1082,1083,0.8270064014641444,0.017414791993032017
1083,1084,0.7929020824051607,0.008599478864862857
1084,1085,0.45530410903619906,0.01068568586104454
1085,1086,0.7647149059054623,0.003765965875803696
1086,1087,0.9300514093314036,0.010725931749505984
1087,1088,0.7622654155489004,0.00666488720737645
1088,1089,0.6356981629228434,0.021770633154293378
1089,1090,0.9268430749558797,0.007743603044299664
1090,1091,0.6539611171825697,0.002640952236456737
1091,1092,0.784432062163843,0.02419451957405492
1092,1093,0.7621209878610681,0.014953785653726884
1093,1094,0.45688726282895953,0.025600081811954643
1094,1095,0.7185173231912483,0.015459352549239448
1095,1096,0.7302276352547539,0.0025348137421849814
1096,1097,0.729847089570783,0.01792019902723451
1097,1098,0.8919652460414181,0.031647034799537684
1098,1099,0.7565302657169625,0.006690318081089623
1099,1100,0.941454199691264,0.007688078605009225
1100,1101,0.5492301322627091,0.019737704557740248
1101,1102,0.8210155746067794,0.020933547915741552
1102,1103,0.7902897711952573,0.010835390544004097
1103,1104,0.4786026336038404,0.017330029860394457
1104,1105,1.0686910193132755,0.00850682773022957
1105,1106,0.6055952499548463,0.005808632235621777
1106,1107,0.9327639265589277,0.011270369364837732
1107,1108,0.7568351589372387,0.007967699032536964
1108,1109,0.7556089873662751,0.004891516743294723
1109,1110,0.6857167914834637,0.024017619703369415
1110,1111,1.0133039934913846,0.005167920625166096
1111,1112,0.9580371476243703,0.00763343522241216
1112,1113,0.8233752834314563,0.007322724260509661
1113,1114,0.9650414520067812,0.006767279439512269
1114,1115,0.8822521733598113,0.0064518172322774875
1115,1116,0.8605277196560728,0.007817006019780488
1116,1117,1.0226729599984437,0.007695897773320187
1117,1118,0.8591463174642034,0.007116951253251195
1118,1119,0.9329354500624661,0.012553147356888065
1119,1120,0.7955632284802518,0.005052408745633681
1120,1121,0.7277306359723767,0.006513113046111997
1121,1122,0.7726003019162528,0.004109008735796622
1122,1123,0.814277455780457,0.024975193488912795
1123,1124,0.6959796039709853,0.012187659181156184
1124,1125,0.48922020395739285,0.009544077019446024
1125,1126,0.5173415880087051,0.009938778360569757
1126,1127,1.0215351157870665,0.006934887744768181
1127,1128,0.764836011212981,0.02297794255874691
1128,1129,0.6666929943354196,0.021971646179113177
1129,1130,1.0366089004717407,0.010563148811393109
1130,1131,0.7674380750892389,0.009062301402796446
1131,1132,0.5013091343524255,0.017404985257459794
1132,1133,0.8177563150676987,0.00828842169637669
1133,1134,0.9349289922188434,0.00684484133186362
1134,1135,0.7223214571884166,0.005182400086188314
1135,1136,0.9499772807560249,0.009881441424616647
1136,1137,0.36840617269903475,0.020070635747538836
1137,1138,0.7527503229875265,0.033798640267525965
1138,1139,1.125191446504311,0.008641893556358434
1139,1140,0.8701237569804076,0.005433638099272145
1140,1141,0.735968705159305,0.006699535418094063
1141,1142,0.9428483174120009,0.015519809625306668
1142,1143,0.8407712737749252,0.025986811480666436
1143,1144,0.792294839270551,0.017719700366135415
1144,1145,0.7918327172513194,0.007553080096644145
1145,1146,0.5796382878260458,0.017831124575083596
1146,1147,0.8914003451393103,0.02703979273502369
1147,1148,0.8664290724154541,0.007829644580534905
1148,1149,0.8161351160411047,0.014438978173966421
1149,1150,0.7752514749711741,0.006670987093612169
1150,1151,0.7385153842692029,0.02900516673612046
1151,1152,0.8343210967207446,0.007940194183392566
1152,1153,0.7434626292420501,0.005488037986815371
1153,1154,0.7187422992206651,0.00910113278824738
1154,1155,0.6875611618990279,0.014719132477466486
1155,1156,0.5679173383501714,0.026678657111790422
1156,1157,0.9285720427613188,0.006782371343494537
1157,1158,0.8700422522408675,0.024065739026200992
1158,1159,0.836052830861916,0.004964877563544981
1159,1160,0.8394530819566693,0.01973626971744253
1160,1161,0.7561416321677625,0.004345877268761785
1161,1162,1.047729753565059,0.004599497524069052
1162,1163,0.2802075741122232,0.008442511346857461
1163,1164,0.9394158657351257,0.012400080709709013
1164,1165,0.600796419757511,0.025140483259988515
1165,1166,0.7988796248784562,0.00469329784844832
1166,1167,0.7562315031762362,0.003355455149484671
1167,1168,0.7655731531851613,0.008887183394353288
1168,1169,0.8637198000836799,0.005093031469367506
1169,1170,0.5617732302097169,0.014727706471757826
1170,1171,0.9263088618276478,0.014869798494308193
1171,1172,0.8340432921122476,0.015154525816314025
1172,1173,0.7314319853113145,0.023395388627498747
1173,1174,0.794216609377857,0.017378851749890015
1174,1175,0.8789052151055361,0.019065430707314007
1175,1176,0.9329071885404814,0.0052854553962639675
1176,1177,0.8899947242690126,0.008154777124515462
1177,1178,0.7755738805053722,0.023196012837286437
1178,1179,0.5468970863619729,0.004289937288426934
1179,1180,0.6558139214805326,0.013159606357017599
1180,1181,0.9257208463554326,0.010467336270885648
1181,1182,0.8768663137235926,0.011201134853498915
1182,1183,0.5518476903829637,0.011615888740660123
1183,1184,0.5686034446589943,0.02145902328634011
1184,1185,0.758128595504912,0.004258045082744724
1185,1186,1.0987298744252587,0.007149859545635203
1186,1187,0.882723800212854,0.005765035254066847
1187,1188,0.4999500266158435,0.018485919575800626
1188,1189,0.7942021823717096,0.0062847978985563465
1189,1190,0.6884047414325007,0.007785332856687821
1190,1191,0.7259507966279571,0.006132684867236758
1191,1192,0.556720466705021,0.02088357238427062
1192,1193,0.8567244583326299,0.007553816742442381
1193,1194,0.36912423079337314,0.019428833656001888
1194,1195,0.982473555494527,0.008991989398448967
1195,1196,0.9915202860310052,0.005582080572495641
1196,1197,0.878478708424652,0.014107008365194632
1197,1198,1.0513307871882942,0.007625981630018423
1198,1199,0.512013045674923,0.021064187216808052
1199,1200,1.0750450788899848,0.02067916663369508
1200,1201,0.6090292932027858,0.006379955819073569
1201,1202,0.6518715744984838,0.023578358083300215
1202,1203,0.8154162242858778,0.010409925433745136
1203,1204,0.9558831157916851,0.006670931666348059
1204,1205,0.6946346868233092,0.010667315464270105
1205,1206,0.24938767563448005,0.01152486899559993
1206,1207,0.792323609451045,0.007524461525743233
1207,1208,1.0097273318568476,0.00785701440980789
1208,1209,1.0854522922040504,0.007896524759390684
1209,1210,0.9664299689317782,0.013164489619305105
1210,1211,0.8868015528269896,0.007741594987804358
1211,1212,0.8940466491275685,0.010913817927684935
1212,1213,0.8495112185614524,0.011212672170003072
1213,1214,0.995569682564234,0.02264052753064931
1214,1215,0.7454585459348414,0.0036549345746999876
1215,1216,0.8162985954551292,0.004305386561454625
1216,1217,0.7643388920300779,0.027145663217041656
1217,1218,0.694884213172673,0.003373630583208557
1218,1219,0.9153261205855918,0.008874462238810056
1219,1220,0.4218237421672042,0.020973440688897307
1220,1221,0.9427269589262391,0.005740580897664003
1221,1222,0.7390648931263564,0.028145560068781193
1222,1223,0.6906444718690777,0.009119481671711296
1223,1224,0.9495393659050765,0.017927225344665298
1224,1225,0.9447630377182498,0.020278699151929407
1225,1226,0.6241572587498871,0.021030841963119967
1226,1227,0.6022122992182026,0.0226733924162519
1227,1228,0.44604281265159545,0.017239023444654347
1228,1229,0.8859431459516781,0.004547178088981121
1229,1230,0.3034516083918222,0.012016979848741558
1230,1231,0.8421823757013842,0.009793884317582845
1231,1232,0.971808421180995,0.0070230441084726866
1232,1233,0.719765026961672,0.003448129647862036
1233,1234,0.9447254379893992,0.005514341438867652
1234,1235,0.6677075062715191,0.020296638265827126
1235,1236,0.8705616359127241,0.02559037429879814
1236,1237,0.8024802707155814,0.013754962458112415
1237,1238,0.7104928179363061,0.008415226085447767
1238,1239,0.6689832321200955,0.020217909392946848
1239,1240,0.9974630233960812,0.006523762748901824
1240,1241,0.874512712252722,0.010200577238300377
1241,1242,0.652880509381541,0.024212103415567027
1242,1243,0.7099753755158854,0.005787400158199263
1243,1244,0.7143423044585949,0.019539187727512636
1244,1245,0.8605136983833743,0.010603525512040822
1245,1246,0.5361255616921425,0.02235561081401972
1246,1247,0.8996651583585769,0.00714197343555685
1247,1248,0.8953504609485704,0.010710389628549198
1248,1249,0.962703186547065,0.006745116644659372
1249,1250,1.044568592745539,0.004158726213126028
1250,1251,0.6576980483157414,0.007142469554125747
1251,1252,0.27186942754005367,0.013077154900479265
1252,1253,0.595271174662813,0.014869173079585171
1253,1254,0.8589371765406995,0.00826677751666731
1254,1255,0.6260909769439342,0.00852734931919023
1255,1256,0.7000728201403351,0.0221573712790128
1256,1257,0.5867654051854091,0.005638331528963002
1257,1258,0.857704562530108,0.012830327107460559
1258,1259,1.0126031248543736,0.00861760621322431
1259,1260,0.5229606919488807,0.014817153821213257
1260,1261,0.8855277501808819,0.007289856663482034
1261,1262,0.753270636266865,0.008518523472509476
1262,1263,0.8853723375770078,0.03531489545474764
1263,1264,1.216841717264268,0.009416441046886976
1264,1265,0.5383904659156332,0.0044849930918413996
1265,1266,0.6347092912132437,0.02265367014902181
1266,1267,0.9039559125822739,0.011400347728965378
1267,1268,0.6738752195894386,0.0050106617989773925
1268,1269,0.5333217417420097,0.02201471490945976
1269,1270,0.8805793916191369,0.004773344607788024
1270,1271,0.729225583901244,0.006957293269648464
1271,1272,1.0628676811219324,0.007764408679936389
1272,1273,0.8105682475262015,0.008660291368875934
1273,1274,0.545830317212542,0.015039202251077563
1274,1275,0.6521863163005035,0.02728360430201391
1275,1276,0.831070764729946,0.016025683194068607
1276,1277,0.575076559228098,0.01727015075403642
1277,1278,0.8196113522486613,0.00413368447253519
1278,1279,0.7999055266850997,0.0216756627046346
1279,1280,0.8373916003557144,0.007871466307927203
1280,1281,0.458298707946375,0.025584358924041043
1281,1282,0.4764609533286001,0.022717792194598033
1282,1283,0.6073223931579967,0.014112511637066434
1283,1284,1.2567185559122438,0.011275577943761446
1284,1285,0.7526675609469048,0.017314664748084168
1285,1286,1.0336056143901908,0.007729162961648211
1286,1287,0.6642922903308951,0.015006103059330783
1287,1288,0.8256435945642587,0.0075479697931085206
1288,1289,0.6724854924720942,0.026874645787148693
1289,1290,0.8741360882204237,0.00934626785797085
1290,1291,0.6821658758638772,0.017092352754457335
1291,1292,0.9404214783372173,0.006765239385721662
1292,1293,0.9247557002653998,0.0048512632603386514
1293,1294,0.8679442936766975,0.0051319010265733
1294,1295,0.8911976764636669,0.005832859916777211
1295,1296,0.8544533387643604,0.011604225763180086
1296,1297,0.9770456852094328,0.022409581760976516
1297,1298,0.8568021900871674,0.02257813205909695
1298,1299,0.9051572772511058,0.010499564304410194
1299,1300,0.6000686294114371,0.01922078641639223
1300,1301,0.8878072703131662,0.010708336682520645
1301,1302,0.9416365025619559,0.004599256534778865
1302,1303,0.7890593175578957,0.020107191585303347
1303,1304,0.7528903730621649,0.013104581775311229
1304,1305,1.0250883889760327,0.005953065951124671
1305,1306,0.8532541098933448,0.0033068464274796333
1306,1307,1.1271506315418578,0.008676730517688587
1307,1308,0.8121186916477162,0.02830345362543892
1308,1309,0.8767852433042206,0.003992863470683502
1309,1310,0.8234496642773353,0.024316246030487813
1310,1311,0.6425361103868964,0.02865441149263421
1311,1312,0.8375969815617763,0.01610707841457542
1312,1313,0.8721218515393617,0.029359188531171896
1313,1314,0.8958610987197748,0.0069497752576365415
1314,1315,0.7956127174603511,0.024168236561677135
1315,1316,0.7957612091518447,0.0286922513416866
1316,1317,0.6306325021769431,0.02607722981226001
1317,1318,1.0896323499023868,0.020271373721943473
1318,1319,0.9640464770691561,0.004856642599444757
1319,1320,1.08875142513581,0.01502427945781684
1320,1321,0.7260516346456097,0.01079995303467594
1321,1322,0.6883537230557791,0.009504708347049608
1322,1323,0.6936767751394086,0.006579337725464961
1323,1324,0.8846625539598685,0.01634275574260479
1324,1325,0.7513056680504567,0.004098353622862237
1325,1326,1.129238802230339,0.0088836360194157
1326,1327,0.641040579085863,0.013721968591267944
1327,1328,0.8238871721247313,0.01631432422592973
1328,1329,0.5928609937902759,0.02442419884307996
1329,1330,0.9136778443843241,0.013550158635668663
1330,1331,0.5324875320004615,0.018241404890581125
1331,1332,0.9652230951835641,0.005922719758938331
1332,1333,0.8253795012460612,0.01606063633334208
1333,1334,0.7837424219797177,0.0175479099458675
1334,1335,0.6560934407833074,0.019951666519278145
1335,1336,1.0095844966224765,0.009601329088382281
1336,1337,0.5616210003306846,0.0023851600466114867
1337,1338,0.9352668148135471,0.02128555935490325
1338,1339,0.49312178028116926,0.02025872940823609
1339,1340,0.7532810044841016,0.020955508224768347
1340,1341,0.8428901622419344,0.013078470831286017
1341,1342,1.1638787700415243,0.00799971583702358
1342,1343,0.7622227976371647,0.003955170064527929
1343,1344,0.8673339488505475,0.016837030637718645
1344,1345,0.9446251003052162,0.0067860253639608304
1345,1346,0.7341834359423869,0.016407992985507543
1346,1347,0.8174390302092522,0.012950027486997341
1347,1348,0.801704292151618,0.014799369353343491
1348,1349,0.3361035738828659,0.018457887138796425
1349,1350,0.8008474707269815,0.00529681070510898
1350,1351,0.6822695684731298,0.006218037654663308
1351,1352,0.7738113876569506,0.004037027746905866
1352,1353,0.8530828693623821,0.003981931942861033
1353,1354,0.5470798429140801,0.004129568744380724
1354,1355,0.9235793364128617,0.012258410837426629
1355,1356,0.8438236914323735,0.009471018152534226
1356,1357,0.761947566732714,0.025623791536146107
1357,1358,0.7200702369620453,0.014164476103805028
1358,1359,0.7998174121483336,0.010309394724796809
1359,1360,0.8810877898762811,0.011765050992646743
1360,1361,0.2800909822705172,0.013496171113691316
1361,1362,0.6976019426501671,0.008944771640566384
1362,1363,0.5630422816470464,0.010213060273985051
1363,1364,0.9872085340712361,0.006892690132304729
1364,1365,0.6186622390248423,0.0036471848219133056
1365,1366,0.6105963101736507,0.023130465625784764
1366,1367,0.8722949336318363,0.030599871300755508
1367,1368,0.6813256216722381,0.006929252455170938
1368,1369,0.7359675674401431,0.007113901667985612
1369,1370,0.7489998308161621,0.02409883546973671
1370,1371,0.9655152707998027,0.005805407950695041
1371,1372,0.6600426130238014,0.022671166066635755
1372,1373,1.008334552760005,0.006952241800325256
1373,1374,1.010358308047985,0.006256848543011058
1374,1375,0.7243815106522736,0.0238767918908153
1375,1376,0.8517788124411521,0.008975018791318333
1376,1377,0.9701587413427716,0.005412978336860634
1377,1378,0.7259640337577702,0.01732920119379994
1378,1379,0.605601978883045,0.023791450717317645
1379,1380,0.7810529614297287,0.021288030306584684
1380,1381,0.8653738720071877,0.026625568099984273
1381,1382,0.5476021688829353,0.018665422054831786
1382,1383,0.7484667909991738,0.02865759330044397
1383,1384,0.3651899375028342,0.019535977281032787
1384,1385,0.8290574403336863,0.00948099912063393
1385,1386,0.8130666742661299,0.021454609241105854
1386,1387,0.8161469454053413,0.004377284899223813
1387,1388,0.7507064410266852,0.020261658348061873
1388,1389,0.8365873373560334,0.0057230037288666475
1389,1390,0.8012923624362407,0.01903411739971546
1390,1391,0.5707466075201678,0.023097982486731353
1391,1392,0.7711582164341267,0.007891841221457906
1392,1393,0.9090584735236509,0.007187528058807825
1393,1394,0.9246052042750756,0.005773472504518936
1394,1395,0.702144297620298,0.027062756855034942
1395,1396,0.923120601168941,0.0042387911056259
1396,1397,0.48641786753240784,0.016053519419560656
1397,1398,0.7739773262739915,0.003707493884801312
1398,1399,0.6265076114080007,0.018496823568839596
1399,1400,0.7874390554364008,0.017330423583976285
1400,1401,1.0001572157230825,0.006529843095273899
1401,1402,0.7461043579646536,0.005258779891416106
1402,1403,0.6137153725008876,0.027374898739389544
1403,1404,0.5944744398405413,0.019575911116207042
1404,1405,0.9556840930343101,0.0031321699230808216
1405,1406,0.8023288567662002,0.016593051880860802
1406,1407,1.0395490822252949,0.008373436526065542
1407,1408,0.7873379156479786,0.02755003027744068
1408,1409,0.7563995204510852,0.022348770699549225
1409,1410,0.6485243166278816,0.004524086774399275
1410,1411,0.7623671818583734,0.021303822610831354
1411,1412,0.9304341640566065,0.005172129951894142
1412,1413,0.5661679264759492,0.01485842829441365
1413,1414,0.7922833295761267,0.00547267632422919
1414,1415,0.4232783364398829,0.018732269126328263
1415,1416,0.668287580656473,0.012058816885334861
1416,1417,0.4909683538211463,0.018417088885870868
1417,1418,0.7862658187532057,0.005778584111501323
1418,1419,0.9728876681314901,0.020043122579110853
1419,1420,0.767349698667721,0.014428609461691187
1420,1421,0.9693117442198047,0.006218291626133787
1421,1422,0.3969748774356067,0.02276565282498685
1422,1423,0.7462966530552062,0.009904982966118645
1423,1424,0.8508949958765596,0.0066339077326477095
1424,1425,0.6910163565498858,0.012722133610323054
1425,1426,0.24642538573734382,0.010824065034607628
1426,1427,0.8990426296566821,0.026916427116155238
1427,1428,0.4161355115341583,0.019720057067420353
1428,1429,0.8946324025340289,0.004317402261127908
1429,1430,0.8008109991489384,0.008569728961283468
1430,1431,0.8427288171029501,0.012304530936889387
1431,1432,0.629121844336028,0.02784610874824336
1432,1433,0.6095715806615473,0.02078926010501735
1433,1434,0.47015681147502847,0.012491233446913545
1434,1435,0.7990374495559582,0.004199548186403509
1435,1436,0.5703850796279896,0.011065954079242704
1436,1437,0.9334272647018163,0.005628634844114896
1437,1438,0.7029869894401658,0.020849746307227558
1438,1439,1.0714033519889858,0.009253333479189203
1439,1440,0.6752733941830632,0.005729336427901685
1440,1441,0.20022649398976525,0.014978894927817548
1441,1442,0.7703456480939472,0.0018320242766399274
1442,1443,0.6802166621864778,0.016801933307075852
1443,1444,0.44134166939307057,0.025316786397810365
1444,1445,0.5804969322250592,0.01128759468204287
1445,1446,0.5489340718313046,0.03111099509534789
1446,1447,0.46390096306240797,0.01552467914852495
1447,1448,1.1611573212728574,0.009716891290131632
1448,1449,0.713210841215647,0.022273189158475367
1449,1450,0.5764306314151362,0.01385135299445512
1450,1451,0.7784369705120951,0.0231909826767329
1451,1452,0.6493191212837279,0.024942226908363684
1452,1453,0.6935686430423685,0.007430809859604012
1453,1454,0.883501939680486,0.010642240197074588
1454,1455,0.7980664459207961,0.006611842490411453
1455,1456,0.567733837225595,0.014840434354089072
1456,1457,0.5902048101301837,0.011002776092464956
1457,1458,0.8179645592916822,0.005636591649296555
1458,1459,0.8647571325892057,0.01925658472578216
1459,1460,0.4398496537684936,0.016155958892842544
1460,1461,1.0150716174241057,0.006242937214080762
1461,1462,0.9312066751812088,0.015719284704875783
1462,1463,1.0392864932774741,0.01302051335953553
1463,1464,1.0007587716847384,0.019943436578790726
1464,1465,0.9523975197417459,0.005131358407301681
1465,1466,0.8825181813761624,0.01081796785447823
1466,1467,0.038709775530247646,0.006581942005559305
1467,1468,0.789265928474414,0.011707610220750364
1468,1469,1.095169337158947,0.010452306467637205
1469,1470,0.9012096841020873,0.01694003901955085
1470,1471,1.0779026494575854,0.007357734889218296
1471,1472,0.5773267308929988,0.024631083884258782
1472,1473,0.6263880368028345,0.0038282984378709283
1473,1474,0.9934075632238607,0.014446449723194055
1474,1475,0.33077737422591663,0.023772662640666367
1475,1476,0.9203074635280143,0.007124083950781747
1476,1477,1.0710509842366647,0.007838682927842159
1477,1478,0.8341596331154886,0.01937907367286818
1478,1479,0.581668694680751,0.019846343065852128
1479,1480,0.6956159187920926,0.028896763692007322
1480,1481,0.9045588616661748,0.01674209342444453
1481,1482,0.6742236297865072,0.002344015550278344
1482,1483,0.9424180116243668,0.006540166873005599
1483,1484,0.8596415431018025,0.007608819435535635
1484,1485,1.0972746933262056,0.020060240350834646
1485,1486,0.450705522267314,0.012509514352648547
1486,1487,0.5824005663711185,0.02220850125125833
1487,1488,0.9021771076382081,0.00573158118177692
1488,1489,1.0580422110128143,0.03357497083107693
1489,1490,0.4978886673838996,0.013288093411155038
1490,1491,0.9755743013211862,0.007068275813359857
1491,1492,1.1042315955904969,0.008535880036531426
1492,1493,0.7923330529578452,0.013498786059109796
1493,1494,0.7745045853443452,0.005769847669100346
1494,1495,0.7408195280730799,0.006741798309128578
1495,1496,0.28302952116350494,0.012733595697393194
1496,1497,0.9054498857587033,0.009899490229437825
1497,1498,0.7159066083716932,0.006949860170231007
1498,1499,0.6885434483848896,0.01875075038205175
1499,1500,1.002945814525162,0.005473449286367262
1500,1501,0.752142757281039,0.012992218641992593
1501,1502,0.9225063067124378,0.01216043331213936
1502,1503,0.6984420189064986,0.009626686067908704
1503,1504,0.5151419808504746,0.01929264470347711
1504,1505,0.7975119633847405,0.009277636498903823
1505,1506,0.972393714599633,0.02834615412954538
1506,1507,0.5746574586209175,0.01754339410061311
1507,1508,0.9264176347884967,0.0337123761951514
1508,1509,0.7249517828153892,0.005425958879753039
1509,1510,1.1414178166998838,0.007775621958051971
1510,1511,0.8050553094534415,0.0059240934711350425
1511,1512,0.7962352415320664,0.004471604400550191
1512,1513,0.6884040126646825,0.01829403720374286
1513,1514,0.6964699016304507,0.022630283918804697
1514,1515,0.5521122666411014,0.021976339790451584
1515,1516,0.8089277877919683,0.006426331766062318
1516,1517,0.7363474515196563,0.00480690254904365
1517,1518,1.072024557519181,0.00899645396676243
1518,1519,0.7392186930285715,0.009541127157046615
1519,1520,0.9078735785075114,0.006358453418232406
1520,1521,0.7394421981241043,0.007017288083770924
1521,1522,0.9151067327429899,0.006389654658178907
1522,1523,0.7220178134813969,0.003452569883095081
1523,1524,0.9529573161145577,0.005302115178695275
1524,1525,0.7293361689962622,0.01338046843745786
1525,1526,0.9711416181069755,0.006583793551584685
1526,1527,0.12008467907301938,0.01194896722908008
1527,1528,1.0759016575586866,0.009547269640392807
1528,1529,0.920779825676157,0.0065092801306631315
1529,1530,0.7121167021714999,0.004390415036408824
1530,1531,0.5625125607416879,0.024941874897802457
1531,1532,0.5642309969083984,0.017607164669215213
1532,1533,0.955042100828761,0.01686542330590131
1533,1534,0.9118216293145844,0.004171744987190799
1534,1535,0.9078816134133078,0.009052865594624888
1535,1536,0.6852327440228496,0.01384583667075514
1536,1537,0.8401394239324627,0.025424604413035328
1537,1538,0.8433545792889912,0.006651236572657605
1538,1539,0.559654799154385,0.015380863294685401
1539,1540,0.8815608437358436,0.01655988306283076
1540,1541,0.8523071398676614,0.005802654911934468
1541,1542,0.7700100662088797,0.0035034520140569837
1542,1543,1.2339094466521818,0.010395967930396766
1543,1544,0.6393859665362346,0.007897744669904467
1544,1545,0.6667287857603346,0.016016886754857133
1545,1546,0.8169727764086374,0.01796736128125326
1546,1547,0.9772281462394105,0.012676183142237762
1547,1548,0.9652546333138049,0.021678955003391717
1548,1549,0.97400312806039,0.005433952165456127
1549,1550,0.9400413253748594,0.00632695216914523
1550,1551,0.5079198872121998,0.013385336682557897
1551,1552,0.8543347433818465,0.030283677765194417
1552,1553,0.950192276162016,0.007734732527174137
1553,1554,0.9971468860901925,0.01720401634480125
1554,1555,0.8356245105681004,0.010353208778960798
1555,1556,0.6997406008496659,0.005202094649203792
1556,1557,1.024318842531664,0.008102541282062186
1557,1558,0.41869767009733466,0.010847816969712447
1558,1559,0.9875040992590736,0.004363101205725027
1559,1560,0.5171141301784964,0.026371090850598734
1560,1561,0.7030847803364986,0.016416940237388544
1561,1562,0.9065051337594006,0.0061488411378571245
1562,1563,0.7437835950704709,0.014479806425107784
1563,1564,0.7626863110621155,0.005689186198420827
1564,1565,0.763841249223104,0.02176872970956189
1565,1566,0.681695092532408,0.020936555278758137
1566,1567,0.6878672073500539,0.004283928792384454
1567,1568,0.7517131426468902,0.02691425646267267
1568,1569,0.8011759214374125,0.006870987585496546
1569,1570,0.5302408582009123,0.019457444323549417
1570,1571,0.37219446157312847,0.01685134941510638
1571,1572,0.689136171245882,0.007037790559838747
1572,1573,1.0654409523409998,0.010789273489481084
1573,1574,0.7617221185924782,0.016323973019147106
1574,1575,0.6044811243872489,0.0192544397051142
1575,1576,0.7949760458844243,0.015865890563108817
1576,1577,0.8785520365628591,0.015271368456395132
1577,1578,0.5190696776900098,0.014675371602098159
1578,1579,0.9045803199718052,0.011123793412719806
1579,1580,0.7424717575549385,0.02692722216768574
1580,1581,0.8185507090345151,0.013348372659882186
1581,1582,0.7770074930059868,0.030864934850694494
1582,1583,0.3240376855009156,0.017163993778655837
1583,1584,0.5941825492900421,0.02271274484931491
1584,1585,0.2605898885660947,0.0186719249447313
1585,1586,0.6846632010878163,0.029086973142313916
1586,1587,0.6449238395095296,0.026982202620891495
1587,1588,0.9565306255173638,0.011815249150852409
1588,1589,0.6975890740396568,0.005807543023373428
1589,1590,1.0293986174510195,0.007599977274864693
1590,1591,0.8794941777288023,0.0044197332528325955
1591,1592,1.112097910390342,0.015053650395393893
1592,1593,0.9682324328724423,0.005225902782342866
1593,1594,0.7795581102955824,0.02516076611115518
1594,1595,1.0344675423457743,0.00809924615481658
1595,1596,0.11036017554506175,0.011702595154053736
1596,1597,0.8657175767900002,0.004129247797125973
1597,1598,0.5111458632652017,0.010453506667498214
1598,1599,0.3807838436911858,0.015777003690046122
1599,1600,0.9235080384169333,0.017611479851825807
1600,1601,0.7970627298698915,0.022957099106376277
1601,1602,0.6384048790783592,0.019055608360778735
1602,1603,0.4286484252139366,0.02018587572123235
1603,1604,0.8905090731606121,0.005965976213893668
1604,1605,1.1718442892940244,0.008803934330472055
1605,1606,0.9997926106763044,0.010416566855536453
1606,1607,0.9877962546294747,0.007841545812480652
1607,1608,1.0455842975613718,0.018290005692539035
1608,1609,0.685269447004817,0.006829502824088147
1609,1610,0.617843245667236,0.004429261862555118
1610,1611,0.8118744542031343,0.006476981240763211
1611,1612,0.7409449271326404,0.026899985326976846
1612,1613,0.5381883948528331,0.018682813441328328
1613,1614,0.6607458368476964,0.016921777230738556
1614,1615,0.7516018729304155,0.007729794014742999
1615,1616,0.5724459503989789,0.01650584605778244
1616,1617,0.6431280588450637,0.012331804349826172
1617,1618,0.37400407760303944,0.018368958076725693
1618,1619,0.8787853778332912,0.03251816033929049
1619,1620,0.7858003967667894,0.006563958790609514
1620,1621,0.33377108732723476,0.017817860580114264
1621,1622,1.0553913587906298,0.005152916153283347
1622,1623,1.0372109121266782,0.007125083608070197
1623,1624,0.8074548459612072,0.0247221128795593
1624,1625,0.854858559030977,0.02274771351479849
1625,1626,0.6490213982894408,0.021392983088757107
1626,1627,0.6395325538970832,0.023164030767901675
1627,1628,0.6855577885032109,0.02401126299763741
1628,1629,0.49182658801943824,0.007242278775453204
1629,1630,0.7104156628831239,0.02469067303170902
1630,1631,0.8564553479192862,0.026965101285525678
1631,1632,0.6500661030961231,0.021444918203008798
1632,1633,0.8350316732307492,0.005284209937213814
1633,1634,0.956648604795223,0.0069848238032722805
1634,1635,1.0483888048016095,0.011411309605892317
1635,1636,0.8034974291772886,0.014260601020946277
1636,1637,0.5141205106416075,0.014637004626230002
1637,1638,0.5530670857375503,0.01399245289324094
1638,1639,0.6888939158643066,0.017003376917491684
1639,1640,1.0089445840926057,0.006532063484783124
1640,1641,0.5962607487663403,0.022760254577194147
1641,1642,0.8971034739681093,0.01692460683249695
1642,1643,0.6108534618354535,0.010488586911594296
1643,1644,0.8148354972145394,0.025822125779336
1644,1645,0.7896263888864086,0.025336059309206835
1645,1646,0.7357127383309146,0.022864696628727157
1646,1647,0.7591070392560604,0.007057690085483285
1647,1648,0.8081915756012101,0.014527411568116443
1648,1649,0.7263158860457112,0.016307578949253592
1649,1650,0.7496126767806459,0.029106672464660588
1650,1651,0.9592690696659488,0.009195752535152427
1651,1652,0.9177596262579396,0.013371982707274542
1652,1653,0.7798149826223479,0.023426199226600546
1653,1654,0.9790068516098924,0.004381086363988808
1654,1655,1.0376519955681704,0.006367950414843769
1655,1656,0.9648686529893369,0.018249679250173612
1656,1657,0.8398056710121701,0.004200971217081291
1657,1658,0.9379746734685971,0.011856108713514326
1658,1659,0.8545167211681469,0.005153075886977832
1659,1660,0.9026099216632877,0.005159606109985229
1660,1661,0.464150689293832,0.01593790301726839
1661,1662,0.8397531239964248,0.006626541755218991
1662,1663,0.9913402768649645,0.008038383410109273
1663,1664,0.6560785024729582,0.0014179994958428204
1664,1665,0.7562624688056842,0.021072783740248145
1665,1666,0.4771315655481253,0.017406112148260818
1666,1667,0.14914081526868864,0.013851688181049001
1667,1668,0.9678687877186939,0.008287826564785817
1668,1669,0.6182746957889694,0.00811899032603202
1669,1670,0.8775239622356129,0.009452684045245229
1670,1671,1.0550435263701552,0.010002202794693622
1671,1672,0.520312426344355,0.020536988721909934
1672,1673,0.9891076560957518,0.006446179075642206
1673,1674,0.8032905118916485,0.02571081189633055
1674,1675,0.9028078753488933,0.0092889711674004
1675,1676,0.6811621923493528,0.016842664820180875
1676,1677,0.46222282251015406,0.017433722496618603
1677,1678,1.1108811521145736,0.007712751952891547
1678,1679,0.9408048176943322,0.006710199826774521
1679,1680,0.5746959681498269,0.024018654962497766
1680,1681,0.682549582956534,0.013374700386089483
1681,1682,0.6418189714627885,0.021609118988283514
1682,1683,0.747483831773246,0.006716259313847126
1683,1684,0.5111254942471524,0.02139525626842732
1684,1685,0.9017141493594487,0.00864598590280363
1685,1686,0.662789489479821,0.004001666233834175
1686,1687,0.3833986819911164,0.016943499399012102
1687,1688,0.6879266814538372,0.0277838088258625
1688,1689,0.9649053873862259,0.006781490401449224
1689,1690,0.7503692894883018,0.025493086111740577
1690,1691,0.258823951302084,0.013572737273561954
1691,1692,0.7632941848974722,0.003161656951759237
1692,1693,0.49960029854575305,0.01562781170887943
1693,1694,0.8772467566785205,0.005846313612170345
1694,1695,0.5076204679673066,0.01829759305313711
1695,1696,0.8923133368266738,0.007466043869345803
1696,1697,0.9094523971897168,0.010627399570935848
1697,1698,1.00459927882741,0.024406175649491203
1698,1699,0.6818334783261328,0.021963342320553404
1699,1700,0.891732743799966,0.015454982964088182
1700,1701,0.5966191255299534,0.01074914795229389
1701,1702,0.7533515489622306,0.0071227370056530775
1702,1703,0.6933419279392316,0.015621118392888107
1703,1704,0.7696688220052573,0.025089060083021256
1704,1705,1.0372582509165655,0.007951918083175306
1705,1706,0.8873940371338944,0.0055064550107481345
1706,1707,1.1088009295884096,0.007897170752584714
1707,1708,1.005865401516961,0.0064439144980145725
1708,1709,0.9864386548799813,0.0036680904468239252
1709,1710,0.7107462577427468,0.00650961883005652
1710,1711,0.6389211013994786,0.0028465473357354634
1711,1712,0.7074957299294073,0.021480445009214
1712,1713,0.24938133694336703,0.014713712268248977
1713,1714,0.5854535689317375,0.018638633228017457
1714,1715,0.9192269976031305,0.004902471263040902
1715,1716,0.6875515603431768,0.014849245846996565
1716,1717,0.8140946230221153,0.008538019655343385
1717,1718,0.7133811070439418,0.0072957689464753445
1718,1719,0.8525259421495976,0.01408921926183325
1719,1720,0.8532672277284381,0.022392585572946953
1720,1721,0.25541265706645794,0.017262488887801054
1721,1722,0.9828841571158614,0.011107245809782082
1722,1723,0.6489970773992363,0.011964172986640063
1723,1724,0.7588225508204037,0.006628147319108768
1724,1725,0.644437994636788,0.010164932342343188
1725,1726,0.8714700204013206,0.0068504374052664775
1726,1727,0.8430649225216488,0.004950888470201074
1727,1728,0.4035314819908763,0.019681053122533484
1728,1729,0.863727170755425,0.006202829229222803
1729,1730,0.7367044861599794,0.011610369942138625
1730,1731,0.4796074252185984,0.014114325614886132
1731,1732,1.0321657760538194,0.006024636218385874
1732,1733,0.718543600857778,0.024511115135004362
1733,1734,0.7088323518175327,0.004067510304898268
1734,1735,1.0179822125062539,0.008070184911595425
1735,1736,0.903000786434319,0.02781693669113884
1736,1737,1.0205264011248438,0.008934219208084014
1737,1738,0.9883635797977797,0.017539693663506488
1738,1739,0.8930713312607852,0.015330094169628808
1739,1740,0.23384743618383091,0.01706703159407653
1740,1741,0.8417345645730637,0.008541547880707575
1741,1742,0.9379524785921399,0.006243657886669139
1742,1743,0.3064601437632905,0.009749783790874853
1743,1744,1.1274887597781795,0.008214599250799386
1744,1745,0.8431632563825834,0.029049166389580727
1745,1746,1.087383469293055,0.008855843472280286
1746,1747,0.8846484582355566,0.0044087748763146604
1747,1748,0.6961880107958229,0.012031055667204893
1748,1749,0.8758735067129478,0.010455645417178106
1749,1750,0.8853422675526778,0.02776504956349289
1750,1751,0.8166431758110508,0.021202683144461082
1751,1752,0.5562288478686138,0.008389651340166388
1752,1753,0.6142825283055645,0.026449394770883122
1753,1754,0.9392871583092787,0.0054280651676813394
1754,1755,1.0253748233762907,0.008062013693641885
1755,1756,0.8894158462464642,0.007494762211555471
1756,1757,0.9666653023876213,0.0039050247140323493
1757,1758,0.6092824157569271,0.016581981381373206
1758,1759,0.8011438560456356,0.012194150590029504
1759,1760,0.7168043768997894,0.0046422064134344024
1760,1761,0.6215512032042171,0.008066114180926067
1761,1762,0.7729820322004939,0.02882502458995911
1762,1763,1.0152349847276716,0.01440566067522255
1763,1764,0.6607360343049743,0.01949855797688956
1764,1765,0.8541984914220372,0.012582290682222096
1765,1766,0.6689326733598666,0.020601228406108254
1766,1767,0.8747875225695417,0.0046665441495570125
1767,1768,1.0437776884302674,0.010037944120058807
1768,1769,0.7510645114233132,0.012190630279679983
1769,1770,0.70433264928191,0.026713675854239175
1770,1771,0.6156324580213031,0.011679214985350794
1771,1772,0.4653158341890232,0.016030241813260706
1772,1773,0.5885287081807902,0.02186653647763185
1773,1774,0.8102410650540772,0.01347349477995113
1774,1775,0.7397101897679521,0.022536851642255218
1775,1776,0.8081055353915867,0.015045417177068296
1776,1777,0.9217889812858245,0.005007021141816147
1777,1778,0.7584948624645264,0.003941036581681859
1778,1779,0.9199565979406816,0.006436910474759777
1779,1780,0.6901351658471907,0.021933260195934067
1780,1781,1.1284500531048254,0.00911015977756141
1781,1782,1.108435705008384,0.006854106511787606
1782,1783,0.961191770817089,0.006364880988354958
1783,1784,0.9021354031049512,0.006989558877637044
1784,1785,1.0583627285021941,0.006665851041393045
1785,1786,0.7540090562774697,0.013631868121500265
1786,1787,0.6376177630047793,0.025243018834955656
1787,1788,0.9102750505102646,0.0070403808801147594
1788,1789,1.0343669935307869,0.018389172790044088
1789,1790,0.7209657108082541,0.015622189818717935
1790,1791,0.8305523239673235,0.011562348311701071
1791,1792,0.5064379940511604,0.02005630315864954
1792,1793,1.0615524808144563,0.008412736155051283
1793,1794,0.331796534212605,0.014777543813399952
1794,1795,1.116698700739611,0.006933922014050245
1795,1796,0.2997583387125043,0.018018447103305985
1796,1797,0.8385114718675308,0.03002105342018977
1797,1798,0.6304467519699593,0.021128327656718633
1798,1799,0.9044029737429564,0.005897845541611291
1799,1800,0.5967969883280054,0.02279939670846871
1800,1801,0.9565860580274663,0.007408435205916276
1801,1802,0.6482612801360256,0.01260744913043585
1802,1803,0.8879868705192437,0.020027244887339053
1803,1804,0.9174086518384743,0.0056315119072299635
1804,1805,0.808419002330636,0.00439568710503533
1805,1806,0.5876547775931111,0.016883609453588584
1806,1807,0.5973223334735618,0.022668980036987172
1807,1808,0.7932483096735686,0.022418879497737482
1808,1809,0.7751148932143089,0.003124829324604294
1809,1810,1.1535577258681702,0.008447559760376836
1810,1811,0.5992687234859466,0.011782520634790787
1811,1812,0.5051722079410211,0.020562562747345133
1812,1813,0.9550421020443927,0.013649359055087996
1813,1814,0.8214905787929419,0.015192397597856561
1814,1815,0.8368844146855595,0.026139938856573865
1815,1816,1.0389680890192283,0.008232786148255162
1816,1817,0.8147842322647985,0.02649195625234042
1817,1818,0.8084753703397984,0.007884556495567819
1818,1819,0.8913446818137639,0.005254711293949244
1819,1820,0.8637830008909214,0.005242809918702845
1820,1821,0.8036855160140589,0.006203916980608569
1821,1822,0.6535154128425874,0.0083286374658571
1822,1823,0.8104363290682765,0.02525998795632224
1823,1824,1.0951344956922333,0.008834242546241423
1824,1825,1.0234165387886731,0.0072275968547004426
1825,1826,0.6051253795173315,0.004317598010585361
1826,1827,0.687488779525262,0.02490367724175383
1827,1828,0.8565119885903029,0.005421728992690602
1828,1829,0.35698853861539354,0.021470207418110406
1829,1830,0.8143712930609709,0.0037019478645880385
1830,1831,1.153654878780713,0.008012850483334588
1831,1832,1.07420478239977,0.00805059343536252
1832,1833,0.5866783801435483,0.021828969832718412
1833,1834,0.7043918197646939,0.010267611133927214
1834,1835,0.9898360876904221,0.009328033952507782
1835,1836,0.8941743989155582,0.009083430032989295
1836,1837,1.0352994285374386,0.006669986964851919
1837,1838,0.8955617384159432,0.006331441880378048
1838,1839,0.9608803152149937,0.00616355171821598
1839,1840,0.9791345090484236,0.006949981497261138
1840,1841,0.8038188840505565,0.026229161841889066
1841,1842,0.7795833094985839,0.01392877010636266
1842,1843,0.8544643726396013,0.004982861723934623
1843,1844,0.8928162169929261,0.011601705166008358
1844,1845,1.0241786960317616,0.01934721826432551
1845,1846,0.64036943139999,0.005271796586410253
1846,1847,0.958472727967679,0.006687022487724652
1847,1848,0.2884246747891485,0.013682061645528824
1848,1849,0.7495462481254913,0.01609864769161426
1849,1850,0.7583395491718953,0.0061217302030237885
1850,1851,0.7596197485554278,0.030672945853559414
1851,1852,0.9171826486363569,0.004177144486111986
1852,1853,0.43768266234534464,0.011872732258099452
1853,1854,0.5363551939080514,0.013494327846490546
1854,1855,0.6599128128934755,0.01784523375274803
1855,1856,0.8372823323826003,0.014628765894716789
1856,1857,0.9424032673497336,0.005395012658901366
1857,1858,0.7928431699230344,0.007327897926360159
1858,1859,0.9379512079019325,0.004567453189246565
1859,1860,0.7792548161987944,0.009616172202695575
1860,1861,0.14682275863073757,0.011992031919748167
1861,1862,0.6806187175699483,0.013159806878007498
1862,1863,0.44064518195819274,0.01514405389224776
1863,1864,0.9867627691127917,0.00744423165882343
1864,1865,0.5253018785257353,0.024244314883082752
1865,1866,0.8273258763183001,0.009997662955002042
1866,1867,0.32630984329211893,0.021605434553279578
1867,1868,0.8777942812664074,0.0052225750197695524
1868,1869,0.6111575994194294,0.010803764354687944
1869,1870,0.8632791710792931,0.006909627391117581
1870,1871,0.6989180734075007,0.02717988725886966
1871,1872,0.6023945322980839,0.006260540850346049
1872,1873,0.6470802649495065,0.011683570071691482
1873,1874,0.6864245862613558,0.006872414596371873
1874,1875,0.9679266441950503,0.007649209248906992
1875,1876,0.8687812456995925,0.015883151815819122
1876,1877,0.9249239394531081,0.0035960828490371184
1877,1878,0.7230362579618537,0.0039015937599546865
1878,1879,0.7331852001989622,0.03081405401444221
1879,1880,0.7511968303806267,0.029073353223369274
1880,1881,0.6537143077209189,0.011755347262394973
1881,1882,0.8404347213306473,0.004451733282336337
1882,1883,0.8331558198619495,0.004814379798779969
1883,1884,0.6070828135276353,0.01109421671576903
1884,1885,1.112630393281406,0.021951344141891357
1885,1886,0.8311036564391505,0.008120809808774143
1886,1887,0.713407055583598,0.023148094412684485
1887,1888,0.8920931823253144,0.015869569052206944
1888,1889,0.7501564336897368,0.023095885357661845
1889,1890,0.6462602235579089,0.012970612861050813
1890,1891,1.164916984465529,0.01077651268130009
1891,1892,1.0632482141024846,0.007057956932724292
1892,1893,0.6706255099720434,0.02093179640536087
1893,1894,1.111307711950644,0.009087726550553564
1894,1895,0.759653093126578,0.008618795027816853
1895,1896,0.6490084784282154,0.020000118255634268
1896,1897,0.9946603574559141,0.01109129241796906
1897,1898,0.8759321667486889,0.007334308922974515
1898,1899,0.7772743741597105,0.02438685413592576
1899,1900,0.7181601132115002,0.003994057535206826
1900,1901,1.0131569069307789,0.02348703609096642
1901,1902,0.6938296052919141,0.01055437268669177
1902,1903,0.7564994337014369,0.017271196833991236
1903,1904,0.7177765841592467,0.025381193579835117
1904,1905,0.9874837954954647,0.040424510144136484
1905,1906,0.6427481466215554,0.009307286363302723
1906,1907,0.8301092391345907,0.016403389058001466
1907,1908,0.9865541885069166,0.01113499964172304
1908,1909,0.8086241160386947,0.028768179770882776
1909,1910,0.8620166391598605,0.009474206551250848
1910,1911,0.7175546965332561,0.024047086283951094
1911,1912,0.8708152496440857,0.0121257898635082
1912,1913,0.8632044481248062,0.010522212420397156
1913,1914,0.8522475394972536,0.010557393071995696
1914,1915,0.93389826868452,0.005781235269634184
1915,1916,0.9251229673331416,0.03256288692472902
1916,1917,0.7193341272175044,0.01010591601917784
1917,1918,0.9072293574094332,0.005564659943483937
1918,1919,0.9687399570168492,0.00934890201828703
1919,1920,0.6636967007709123,0.02592346759504945
1920,1921,0.6372926926814285,0.022474627365073174
1921,1922,0.9977312321054086,0.005555678425802887
1922,1923,0.5160049174639743,0.011402042424357297
1923,1924,0.6594841441770453,0.005291093259210783
1924,1925,0.6759536876463395,0.018156363131575703
1925,1926,0.5043081096117705,0.014126276658386828
1926,1927,0.9968908242425549,0.007657854987057017
1927,1928,0.6042904256801961,0.0232580293995698
1928,1929,0.9714401644859785,0.013743652210816252
1929,1930,0.964258733614623,0.006860053148079841
1930,1931,0.7550893507551838,0.0050304506544574645
1931,1932,0.9274765861374784,0.005967722837785908
1932,1933,0.2888732503934619,0.014841648084419467
1933,1934,0.748718106238644,0.009982917187600414
1934,1935,0.6927691393411577,0.006376183643109932
1935,1936,0.7709807659447829,0.028621037892283034
1936,1937,0.6881588275446502,0.009391864226349307
1937,1938,0.34630916032242737,0.012589785103834785
1938,1939,0.8503125363483327,0.01583870000065045
1939,1940,0.7751127034773454,0.016074109389440167
1940,1941,0.835865004559694,0.010410140399276464
1941,1942,0.4999279024604871,0.015114259735604482
1942,1943,0.9453006456837879,0.009890516357715508
1943,1944,0.7419022643070172,0.02361377569500285
1944,1945,0.7418359822585092,0.007352040293238059
1945,1946,0.9402923189023472,0.005252251261607089
1946,1947,1.1260732683603654,0.007688358802667832
1947,1948,0.7673999413346378,0.007027131735066149
1948,1949,0.7617896149447583,0.024600533069580665
1949,1950,0.7198523647373717,0.00395075698117222
1950,1951,0.7054794402164799,0.013972705069545663
1951,1952,0.3041761665886444,0.012775036040640874
1952,1953,0.8664957347229912,0.0173978967297605
1953,1954,0.7205965545300559,0.006726622658260914
1954,1955,0.7108432545227098,0.008405535423692455
1955,1956,0.7416837273043552,0.008991859904225866
1956,1957,0.6220333143748623,0.0158664162624412
1957,1958,0.9142041602909334,0.01655974550530088
1958,1959,0.7555527320481921,0.01699095890126483
1959,1960,0.7412871206969253,0.00780485199729326
1960,1961,0.3140499133851402,0.013513483849062499
1961,1962,0.8545412170032585,0.006169355714548277
1962,1963,0.5769545950498508,0.021774322241361707
1963,1964,0.7822389315290187,0.02919193426503659
1964,1965,0.5771068749484292,0.017511672637874086
1965,1966,0.5014522023099479,0.011880484874456927
1966,1967,0.4425319846020912,0.025294996683231305
1967,1968,0.8678616672585933,0.005440766008055478
1968,1969,0.6441570704640354,0.021031860333944857
1969,1970,1.1121349531814244,0.006870909027494311
1970,1971,0.8290877996270991,0.02273322670363313
1971,1972,0.9394122339775083,0.01698240392081557
1972,1973,0.9587060935298933,0.017034706036747976
1973,1974,1.055498443595666,0.019868015290901767
1974,1975,0.5257773213387826,0.019391496688878334
1975,1976,0.9456314819865677,0.0053395070011298855
1976,1977,0.6590161229972674,0.010018007289411369
1977,1978,0.8251499485954588,0.021602897229547256
1978,1979,0.6604959404226014,0.021394205202818085
1979,1980,0.9720630705601364,0.00415856945137873
1980,1981,0.43493785337037844,0.01961220425945689
1981,1982,0.7197365008544112,0.006334556910734419
1982,1983,0.6543148391535328,0.025222001277662387
1983,1984,1.028402447010611,0.004611950689160926
1984,1985,0.9961174392127798,0.006571804437108939
1985,1986,0.5818089727708669,0.019847421162208126
1986,1987,0.6719283065258468,0.005486558326386224
1987,1988,1.0209368966851224,0.007496560957001315
1988,1989,0.7345204606243492,0.0042171273775574395
1989,1990,0.6830690389649172,0.004780713332464335
1990,1991,0.8197197411200525,0.006119147749244827
1991,1992,0.6802838154052424,0.005304610937142673
1992,1993,0.888399770483359,0.007613496412422661
1993,1994,0.838210230688063,0.008800449598187649
1994,1995,0.8778577786515407,0.017651296563421456
1995,1996,0.6041208834359473,0.027061930404923877
1996,1997,0.24567293818918334,0.015106547604417066
1997,1998,1.039785388757733,0.009453492687682254
1998,1999,0.8711416697749195,0.01957119617774875
1999,2000,0.4801349177992799,0.009844369097593878
